Generation,Best Energy
1,27.15023518554599
2,27.15023518554599
3,27.15023518554599
4,27.15023518554599
5,27.15023518554599
6,27.15023518554599
7,27.15023518554599
8,27.15023518554599
9,25.45068192414493
10,25.45068192414493
11,25.45068192414493
12,25.45068192414493
13,25.45068192414493
14,25.45068192414493
15,25.45068192414493
16,25.45068192414493
17,25.45068192414493
18,25.45068192414493
19,25.45068192414493
20,25.45068192414493
21,25.45068192414493
22,25.45068192414493
23,25.45068192414493
24,25.45068192414493
25,25.45068192414493
26,25.45068192414493
27,25.45068192414493
28,25.45068192414493
29,25.05741137092401
30,25.05741137092401
31,25.05741137092401
32,25.05741137092401
33,25.05741137092401
34,25.05741137092401
35,25.05741137092401
36,25.05741137092401
37,25.05741137092401
38,25.05741137092401
39,25.05741137092401
40,25.05741137092401
41,25.05741137092401
42,25.05741137092401
43,25.05741137092401
44,25.05741137092401
45,25.05741137092401
46,25.05741137092401
47,25.05741137092401
48,25.05741137092401
49,25.05741137092401
50,25.05741137092401
51,25.05741137092401
52,25.05741137092401
53,25.05741137092401
54,25.05741137092401
55,25.05741137092401
56,25.05741137092401
57,25.05741137092401
58,25.05741137092401
59,25.05741137092401
60,25.05741137092401
61,25.05741137092401
62,25.05741137092401
63,25.05741137092401
64,25.05741137092401
65,25.05741137092401
66,25.05741137092401
67,25.05741137092401
68,25.05741137092401
69,25.05741137092401
70,25.05741137092401
71,25.05741137092401
72,25.05741137092401
73,25.05741137092401
74,24.817823903418507
75,24.817823903418507
76,24.817823903418507
77,24.817823903418507
78,24.817823903418507
79,24.817823903418507
80,24.817823903418507
81,24.817823903418507
82,24.817823903418507
83,24.817823903418507
84,24.817823903418507
85,24.817823903418507
86,24.817823903418507
87,24.817823903418507
88,24.817823903418507
89,24.817823903418507
90,24.817823903418507
91,24.80655643959523
92,24.80655643959523
93,24.80655643959523
94,24.80655643959523
95,24.80655643959523
96,24.80655643959523
97,24.80655643959523
98,24.80655643959523
99,24.80655643959523
100,24.80655643959523
101,24.80655643959523
102,24.80655643959523
103,24.793117132036077
104,24.793117132036077
105,24.793117132036077
106,24.793117132036077
107,24.793117132036077
108,24.793117132036077
109,24.793117132036077
110,24.24387690106027
111,24.24387690106027
112,24.24387690106027
113,24.24387690106027
114,24.24387690106027
115,24.24387690106027
116,24.24387690106027
117,24.24387690106027
118,24.24387690106027
119,24.24387690106027
120,24.24387690106027
121,24.24387690106027
122,24.24387690106027
123,24.24387690106027
124,24.24387690106027
125,24.24387690106027
126,24.24387690106027
127,24.24387690106027
128,24.24387690106027
129,24.24387690106027
130,24.24387690106027
131,24.24387690106027
132,24.24387690106027
133,24.24387690106027
134,24.24387690106027
135,24.24387690106027
136,24.24387690106027
137,24.24387690106027
138,24.24387690106027
139,24.24387690106027
140,24.24387690106027
141,24.24387690106027
142,24.24387690106027
143,24.24387690106027
144,24.24387690106027
145,24.24387690106027
146,24.24387690106027
147,24.24387690106027
148,24.24387690106027
149,24.24387690106027
150,24.24387690106027
151,24.24387690106027
152,24.24387690106027
153,24.24387690106027
154,24.24387690106027
155,24.24387690106027
156,24.24387690106027
157,24.24387690106027
158,24.24387690106027
159,24.24387690106027
160,23.86369740422937
161,23.86369740422937
162,23.86369740422937
163,23.86369740422937
164,23.86369740422937
165,23.86369740422937
166,23.86369740422937
167,23.86369740422937
168,23.86369740422937
169,23.86369740422937
170,23.86369740422937
171,23.86369740422937
172,23.86369740422937
173,23.86369740422937
174,23.86369740422937
175,23.86369740422937
176,23.86369740422937
177,23.86369740422937
178,23.86369740422937
179,23.86369740422937
180,23.86369740422937
181,23.86369740422937
182,23.86369740422937
183,23.86369740422937
184,23.86369740422937
185,23.86369740422937
186,23.86369740422937
187,23.86369740422937
188,23.86369740422937
189,23.86369740422937
190,23.86369740422937
191,23.86369740422937
192,23.86369740422937
193,23.86369740422937
194,23.86369740422937
195,23.86369740422937
196,23.86369740422937
197,23.86369740422937
198,23.86369740422937
199,23.86369740422937
200,23.86369740422937
201,23.86369740422937
202,23.86369740422937
203,23.86369740422937
204,23.86369740422937
205,23.86369740422937
206,23.86369740422937
207,23.86369740422937
208,23.86369740422937
209,23.86369740422937
210,23.86369740422937
211,23.86369740422937
212,23.86369740422937
213,23.86369740422937
214,23.86369740422937
215,23.86369740422937
216,23.86369740422937
217,23.86369740422937
218,23.86369740422937
219,23.86369740422937
220,23.86369740422937
221,23.86369740422937
222,23.86369740422937
223,23.86369740422937
224,23.86369740422937
225,23.86369740422937
226,23.86369740422937
227,23.86369740422937
228,23.86369740422937
229,23.86369740422937
230,23.86369740422937
231,23.86369740422937
232,23.86369740422937
233,23.86369740422937
234,23.86369740422937
235,23.86369740422937
236,23.86369740422937
237,23.86369740422937
238,23.86369740422937
239,23.86369740422937
240,23.86369740422937
241,23.86369740422937
242,23.86369740422937
243,23.86369740422937
244,23.86369740422937
245,23.86369740422937
246,23.86369740422937
247,23.86369740422937
248,23.86369740422937
249,23.86369740422937
250,23.86369740422937
251,23.86369740422937
252,23.86369740422937
253,23.86369740422937
254,23.86369740422937
255,23.86369740422937
256,23.86369740422937
257,23.86369740422937
258,23.86369740422937
259,23.86369740422937
260,23.86369740422937
261,23.86369740422937
262,23.86369740422937
263,23.86369740422937
264,23.86369740422937
265,23.86369740422937
266,23.86369740422937
267,23.86369740422937
268,23.86369740422937
269,23.86369740422937
270,23.86369740422937
271,23.86369740422937
272,23.86369740422937
273,23.86369740422937
274,23.86369740422937
275,23.86369740422937
276,23.86369740422937
277,23.86369740422937
278,23.86369740422937
279,23.86369740422937
280,23.86369740422937
281,23.86369740422937
282,23.86369740422937
283,23.86369740422937
284,23.86369740422937
285,23.86369740422937
286,23.86369740422937
287,23.86369740422937
288,23.86369740422937
289,23.86369740422937
290,23.86369740422937
291,23.86369740422937
292,23.86369740422937
293,23.86369740422937
294,23.86369740422937
295,23.86369740422937
296,23.86369740422937
297,23.86369740422937
298,23.86369740422937
299,23.86369740422937
300,23.86369740422937
301,23.86369740422937
302,23.86369740422937
303,23.86369740422937
304,23.86369740422937
305,23.86369740422937
306,23.86369740422937
307,23.86369740422937
308,23.86369740422937
309,23.86369740422937
310,23.86369740422937
311,23.86369740422937
312,23.86369740422937
313,23.86369740422937
314,23.86369740422937
315,23.86369740422937
316,23.86369740422937
317,23.86369740422937
318,23.86369740422937
319,23.86369740422937
320,23.86369740422937
321,23.86369740422937
322,23.86369740422937
323,23.86369740422937
324,23.86369740422937
325,23.86369740422937
326,23.86369740422937
327,23.86369740422937
328,23.86369740422937
329,23.86369740422937
330,23.86369740422937
331,23.86369740422937
332,23.86369740422937
333,23.86369740422937
334,23.86369740422937
335,23.86369740422937
336,23.86369740422937
337,23.86369740422937
338,23.86369740422937
339,23.86369740422937
340,23.86369740422937
341,23.86369740422937
342,23.86369740422937
343,23.86369740422937
344,23.86369740422937
345,23.86369740422937
346,23.86369740422937
347,23.86369740422937
348,23.86369740422937
349,23.86369740422937
350,23.86369740422937
351,23.86369740422937
352,23.86369740422937
353,23.86369740422937
354,23.86369740422937
355,23.86369740422937
356,23.86369740422937
357,23.86369740422937
358,23.86369740422937
359,23.86369740422937
360,23.86369740422937
361,23.86369740422937
362,23.673289926599168
363,23.673289926599168
364,23.673289926599168
365,23.673289926599168
366,23.673289926599168
367,23.673289926599168
368,23.673289926599168
369,23.673289926599168
370,23.673289926599168
371,23.673289926599168
372,23.673289926599168
373,23.673289926599168
374,23.673289926599168
375,23.673289926599168
376,23.673289926599168
377,23.673289926599168
378,23.673289926599168
379,23.673289926599168
380,23.673289926599168
381,23.673289926599168
382,23.673289926599168
383,23.673289926599168
384,23.673289926599168
385,23.673289926599168
386,23.673289926599168
387,23.673289926599168
388,23.673289926599168
389,23.673289926599168
390,23.673289926599168
391,23.673289926599168
392,23.673289926599168
393,23.673289926599168
394,23.673289926599168
395,23.673289926599168
396,23.673289926599168
397,23.673289926599168
398,23.673289926599168
399,23.673289926599168
400,23.673289926599168
401,23.673289926599168
402,23.673289926599168
403,23.673289926599168
404,23.673289926599168
405,23.673289926599168
406,23.673289926599168
407,23.673289926599168
408,23.673289926599168
409,23.673289926599168
410,23.673289926599168
411,23.673289926599168
412,23.673289926599168
413,23.673289926599168
414,23.673289926599168
415,23.654569382632044
416,23.654569382632044
417,23.654569382632044
418,23.654569382632044
419,23.654569382632044
420,23.654569382632044
421,23.654569382632044
422,23.654569382632044
423,23.654569382632044
424,23.654569382632044
425,23.654569382632044
426,23.654569382632044
427,23.654569382632044
428,23.654569382632044
429,23.654569382632044
430,23.654569382632044
431,23.654569382632044
432,23.654569382632044
433,23.654569382632044
434,23.654569382632044
435,23.654569382632044
436,23.654569382632044
437,23.654569382632044
438,23.654569382632044
439,23.654569382632044
440,23.654569382632044
441,23.654569382632044
442,23.654569382632044
443,23.654569382632044
444,23.654569382632044
445,23.654569382632044
446,23.654569382632044
447,23.654569382632044
448,23.654569382632044
449,23.654569382632044
450,23.654569382632044
451,23.654569382632044
452,23.654569382632044
453,23.654569382632044
454,23.654569382632044
455,23.654569382632044
456,23.654569382632044
457,23.654569382632044
458,23.54007191561696
459,23.54007191561696
460,23.54007191561696
461,23.54007191561696
462,23.54007191561696
463,23.54007191561696
464,23.54007191561696
465,23.54007191561696
466,23.54007191561696
467,23.54007191561696
468,23.54007191561696
469,23.54007191561696
470,23.54007191561696
471,23.54007191561696
472,23.54007191561696
473,23.54007191561696
474,23.54007191561696
475,23.54007191561696
476,23.54007191561696
477,23.54007191561696
478,23.54007191561696
479,23.54007191561696
480,23.54007191561696
481,23.54007191561696
482,23.54007191561696
483,23.54007191561696
484,23.54007191561696
485,23.54007191561696
486,23.54007191561696
487,23.54007191561696
488,23.54007191561696
489,23.54007191561696
490,23.54007191561696
491,23.54007191561696
492,23.54007191561696
493,23.54007191561696
494,23.54007191561696
495,23.54007191561696
496,23.54007191561696
497,23.54007191561696
498,23.54007191561696
499,23.54007191561696
500,23.54007191561696
501,23.54007191561696
502,23.54007191561696
503,23.54007191561696
504,23.54007191561696
505,23.54007191561696
506,23.54007191561696
507,23.54007191561696
508,23.54007191561696
509,23.54007191561696
510,23.54007191561696
511,23.54007191561696
512,23.54007191561696
513,23.54007191561696
514,23.54007191561696
515,23.54007191561696
516,23.54007191561696
517,23.54007191561696
518,23.54007191561696
519,23.54007191561696
520,23.54007191561696
521,23.54007191561696
522,23.54007191561696
523,23.54007191561696
524,23.54007191561696
525,23.54007191561696
526,23.54007191561696
527,23.54007191561696
528,23.54007191561696
529,23.54007191561696
530,23.54007191561696
531,23.54007191561696
532,23.54007191561696
533,23.54007191561696
534,23.54007191561696
535,23.54007191561696
536,23.54007191561696
537,23.54007191561696
538,23.54007191561696
539,23.54007191561696
540,23.54007191561696
541,23.54007191561696
542,23.54007191561696
543,23.54007191561696
544,23.54007191561696
545,23.54007191561696
546,23.54007191561696
547,23.54007191561696
548,23.54007191561696
549,23.54007191561696
550,23.29187931277481
551,23.29187931277481
552,23.29187931277481
553,23.29187931277481
554,23.29187931277481
555,23.29187931277481
556,23.29187931277481
557,23.29187931277481
558,23.29187931277481
559,23.29187931277481
560,23.29187931277481
561,23.29187931277481
562,23.29187931277481
563,23.29187931277481
564,23.29187931277481
565,23.29187931277481
566,23.29187931277481
567,23.29187931277481
568,23.29187931277481
569,23.29187931277481
570,23.29187931277481
571,23.29187931277481
572,23.29187931277481
573,23.29187931277481
574,23.29187931277481
575,23.29187931277481
576,23.29187931277481
577,23.29187931277481
578,23.29187931277481
579,23.29187931277481
580,23.29187931277481
581,23.29187931277481
582,23.29187931277481
583,23.29187931277481
584,23.29187931277481
585,23.29187931277481
586,23.29187931277481
587,23.29187931277481
588,23.29187931277481
589,23.29187931277481
590,23.29187931277481
591,23.29187931277481
592,23.29187931277481
593,23.29187931277481
594,23.29187931277481
595,23.29187931277481
596,23.29187931277481
597,23.29187931277481
598,23.29187931277481
599,23.29187931277481
600,23.29187931277481
601,23.29187931277481
602,23.29187931277481
603,23.29187931277481
604,23.29187931277481
605,23.29187931277481
606,23.29187931277481
607,23.29187931277481
608,23.29187931277481
609,23.29187931277481
610,23.29187931277481
611,23.29187931277481
612,23.29187931277481
613,23.29187931277481
614,23.29187931277481
615,23.29187931277481
616,23.29187931277481
617,23.29187931277481
618,23.29187931277481
619,23.29187931277481
620,23.29187931277481
621,23.29187931277481
622,23.29187931277481
623,23.29187931277481
624,23.29187931277481
625,23.29187931277481
626,23.29187931277481
627,23.29187931277481
628,23.29187931277481
629,23.29187931277481
630,23.29187931277481
631,23.29187931277481
632,23.29187931277481
633,23.29187931277481
634,23.29187931277481
635,23.29187931277481
636,23.29187931277481
637,23.29187931277481
638,23.29187931277481
639,23.29187931277481
640,23.29187931277481
641,23.29187931277481
642,23.29187931277481
643,23.29187931277481
644,23.29187931277481
645,23.29187931277481
646,23.29187931277481
647,23.29187931277481
648,23.29187931277481
649,23.29187931277481
650,23.29187931277481
651,23.29187931277481
652,23.29187931277481
653,23.29187931277481
654,23.29187931277481
655,23.29187931277481
656,23.29187931277481
657,23.29187931277481
658,23.29187931277481
659,23.29187931277481
660,23.29187931277481
661,23.29187931277481
662,23.29187931277481
663,23.29187931277481
664,23.29187931277481
665,23.29187931277481
666,23.29187931277481
667,23.29187931277481
668,23.29187931277481
669,23.29187931277481
670,23.29187931277481
671,23.29187931277481
672,23.29187931277481
673,23.29187931277481
674,23.29187931277481
675,23.29187931277481
676,23.29187931277481
677,23.29187931277481
678,23.29187931277481
679,23.29187931277481
680,23.29187931277481
681,23.29187931277481
682,23.29187931277481
683,23.29187931277481
684,23.29187931277481
685,23.29187931277481
686,23.29187931277481
687,23.29187931277481
688,23.29187931277481
689,23.29187931277481
690,23.29187931277481
691,23.29187931277481
692,23.29187931277481
693,23.29187931277481
694,23.29187931277481
695,23.29187931277481
696,23.29187931277481
697,23.29187931277481
698,23.29187931277481
699,23.29187931277481
700,23.29187931277481
701,23.29187931277481
702,23.29187931277481
703,23.29187931277481
704,23.29187931277481
705,23.29187931277481
706,23.29187931277481
707,23.29187931277481
708,23.29187931277481
709,23.29187931277481
710,23.29187931277481
711,23.29187931277481
712,23.29187931277481
713,23.29187931277481
714,23.29187931277481
715,23.29187931277481
716,23.29187931277481
717,23.29187931277481
718,23.29187931277481
719,23.29187931277481
720,23.29187931277481
721,23.29187931277481
722,23.29187931277481
723,23.29187931277481
724,23.29187931277481
725,23.29187931277481
726,23.29187931277481
727,23.29187931277481
728,23.29187931277481
729,23.29187931277481
730,23.29187931277481
731,23.29187931277481
732,23.29187931277481
733,23.29187931277481
734,23.29187931277481
735,23.29187931277481
736,23.29187931277481
737,23.29187931277481
738,23.29187931277481
739,23.29187931277481
740,23.29187931277481
741,23.29187931277481
742,23.29187931277481
743,23.29187931277481
744,23.29187931277481
745,23.29187931277481
746,23.29187931277481
747,23.29187931277481
748,23.29187931277481
749,23.29187931277481
750,23.29187931277481
751,23.29187931277481
752,23.29187931277481
753,23.29187931277481
754,23.29187931277481
755,23.29187931277481
756,23.29187931277481
757,23.29187931277481
758,23.29187931277481
759,23.29187931277481
760,23.29187931277481
761,23.29187931277481
762,23.29187931277481
763,23.29187931277481
764,23.29187931277481
765,23.29187931277481
766,23.29187931277481
767,23.29187931277481
768,23.29187931277481
769,23.29187931277481
770,23.29187931277481
771,23.29187931277481
772,23.29187931277481
773,23.29187931277481
774,23.29187931277481
775,23.29187931277481
776,23.29187931277481
777,23.29187931277481
778,23.29187931277481
779,23.29187931277481
780,23.29187931277481
781,23.29187931277481
782,23.29187931277481
783,23.29187931277481
784,23.29187931277481
785,23.29187931277481
786,23.29187931277481
787,23.29187931277481
788,23.29187931277481
789,23.29187931277481
790,23.29187931277481
791,23.29187931277481
792,23.29187931277481
793,23.29187931277481
794,23.29187931277481
795,23.29187931277481
796,23.29187931277481
797,23.29187931277481
798,23.29187931277481
799,23.29187931277481
800,23.29187931277481
801,23.29187931277481
802,23.29187931277481
803,23.29187931277481
804,23.29187931277481
805,23.29187931277481
806,23.29187931277481
807,23.29187931277481
808,23.29187931277481
809,23.29187931277481
810,23.29187931277481
811,23.29187931277481
812,23.29187931277481
813,23.29187931277481
814,23.29187931277481
815,23.29187931277481
816,23.29187931277481
817,23.29187931277481
818,23.29187931277481
819,23.29187931277481
820,23.29187931277481
821,23.29187931277481
822,23.29187931277481
823,23.29187931277481
824,23.29187931277481
825,23.29187931277481
826,23.29187931277481
827,23.29187931277481
828,23.29187931277481
829,23.29187931277481
830,23.29187931277481
831,23.29187931277481
832,23.29187931277481
833,23.29187931277481
834,23.29187931277481
835,23.29187931277481
836,23.29187931277481
837,23.29187931277481
838,23.29187931277481
839,23.29187931277481
840,23.29187931277481
841,23.29187931277481
842,23.29187931277481
843,23.29187931277481
844,23.29187931277481
845,23.29187931277481
846,23.29187931277481
847,23.29187931277481
848,23.29187931277481
849,23.29187931277481
850,23.29187931277481
851,23.29187931277481
852,23.29187931277481
853,23.29187931277481
854,23.29187931277481
855,23.29187931277481
856,23.29187931277481
857,23.29187931277481
858,23.29187931277481
859,23.29187931277481
860,23.29187931277481
861,23.29187931277481
862,23.29187931277481
863,23.29187931277481
864,23.29187931277481
865,23.29187931277481
866,23.29187931277481
867,23.29187931277481
868,23.29187931277481
869,23.29187931277481
870,23.29187931277481
871,23.29187931277481
872,23.29187931277481
873,23.29187931277481
874,23.29187931277481
875,23.29187931277481
876,23.29187931277481
877,23.29187931277481
878,23.29187931277481
879,23.29187931277481
880,23.29187931277481
881,23.29187931277481
882,23.29187931277481
883,23.29187931277481
884,23.29187931277481
885,23.29187931277481
886,23.29187931277481
887,23.29187931277481
888,23.29187931277481
889,23.29187931277481
890,23.29187931277481
891,23.29187931277481
892,23.29187931277481
893,23.29187931277481
894,23.29187931277481
895,23.29187931277481
896,23.29187931277481
897,23.29187931277481
898,23.29187931277481
899,23.29187931277481
900,23.29187931277481
901,23.29187931277481
902,23.29187931277481
903,23.29187931277481
904,23.29187931277481
905,23.29187931277481
906,23.29187931277481
907,23.29187931277481
908,23.29187931277481
909,23.29187931277481
910,23.29187931277481
911,23.29187931277481
912,23.29187931277481
913,23.29187931277481
914,23.29187931277481
915,23.29187931277481
916,23.29187931277481
917,23.29187931277481
918,23.29187931277481
919,23.29187931277481
920,23.29187931277481
921,23.29187931277481
922,23.29187931277481
923,23.29187931277481
924,23.29187931277481
925,23.29187931277481
926,23.29187931277481
927,23.29187931277481
928,23.29187931277481
929,23.29187931277481
930,23.29187931277481
931,23.29187931277481
932,23.29187931277481
933,23.29187931277481
934,23.29187931277481
935,23.29187931277481
936,23.29187931277481
937,23.29187931277481
938,23.29187931277481
939,23.29187931277481
940,23.29187931277481
941,23.29187931277481
942,23.29187931277481
943,23.29187931277481
944,23.29187931277481
945,23.29187931277481
946,23.29187931277481
947,23.29187931277481
948,23.29187931277481
949,23.29187931277481
950,23.29187931277481
951,23.29187931277481
952,23.29187931277481
953,23.29187931277481
954,23.29187931277481
955,23.29187931277481
956,23.29187931277481
957,23.29187931277481
958,23.29187931277481
959,23.29187931277481
960,23.29187931277481
961,23.29187931277481
962,23.29187931277481
963,23.29187931277481
964,23.29187931277481
965,23.29187931277481
966,23.29187931277481
967,23.29187931277481
968,23.29187931277481
969,23.29187931277481
970,23.29187931277481
971,23.29187931277481
972,23.29187931277481
973,23.29187931277481
974,23.29187931277481
975,23.29187931277481
976,23.29187931277481
977,23.29187931277481
978,23.29187931277481
979,23.29187931277481
980,23.29187931277481
981,23.29187931277481
982,23.29187931277481
983,23.29187931277481
984,23.29187931277481
985,23.29187931277481
986,23.29187931277481
987,23.29187931277481
988,23.29187931277481
989,23.29187931277481
990,23.29187931277481
991,23.29187931277481
992,23.29187931277481
993,23.29187931277481
994,23.29187931277481
995,23.29187931277481
996,23.29187931277481
997,23.29187931277481
998,23.29187931277481
999,23.29187931277481
1000,23.29187931277481
1001,23.29187931277481
1002,23.29187931277481
1003,23.29187931277481
1004,23.29187931277481
1005,23.29187931277481
1006,23.29187931277481
1007,23.29187931277481
1008,23.29187931277481
1009,23.29187931277481
1010,23.29187931277481
1011,23.29187931277481
1012,23.29187931277481
1013,23.29187931277481
1014,23.29187931277481
1015,23.29187931277481
1016,23.29187931277481
1017,23.29187931277481
1018,23.29187931277481
1019,23.29187931277481
1020,23.29187931277481
1021,23.29187931277481
1022,23.29187931277481
1023,23.29187931277481
1024,23.29187931277481
1025,23.29187931277481
1026,23.29187931277481
1027,23.29187931277481
1028,23.29187931277481
1029,23.29187931277481
1030,23.29187931277481
1031,23.29187931277481
1032,23.29187931277481
1033,23.29187931277481
1034,23.29187931277481
1035,23.29187931277481
1036,23.29187931277481
1037,23.29187931277481
1038,23.29187931277481
1039,23.29187931277481
1040,23.29187931277481
1041,23.29187931277481
1042,23.29187931277481
1043,23.29187931277481
1044,23.29187931277481
1045,23.29187931277481
1046,23.29187931277481
1047,23.29187931277481
1048,23.29187931277481
1049,23.29187931277481
1050,23.29187931277481
1051,23.29187931277481
1052,23.29187931277481
1053,23.29187931277481
1054,23.29187931277481
1055,23.29187931277481
1056,23.29187931277481
1057,23.29187931277481
1058,23.29187931277481
1059,23.29187931277481
1060,23.29187931277481
1061,23.29187931277481
1062,23.29187931277481
1063,23.29187931277481
1064,23.29187931277481
1065,23.29187931277481
1066,23.29187931277481
1067,23.29187931277481
1068,23.29187931277481
1069,23.29187931277481
1070,23.29187931277481
1071,23.29187931277481
1072,23.29187931277481
1073,23.29187931277481
1074,23.29187931277481
1075,23.29187931277481
1076,23.29187931277481
1077,23.29187931277481
1078,23.29187931277481
1079,23.29187931277481
1080,23.29187931277481
1081,23.29187931277481
1082,23.29187931277481
1083,23.29187931277481
1084,23.29187931277481
1085,23.29187931277481
1086,23.29187931277481
1087,23.29187931277481
1088,23.29187931277481
1089,23.29187931277481
1090,23.29187931277481
1091,23.29187931277481
1092,23.29187931277481
1093,23.29187931277481
1094,23.29187931277481
1095,23.29187931277481
1096,23.29187931277481
1097,23.29187931277481
1098,23.29187931277481
1099,23.29187931277481
1100,23.29187931277481
1101,23.29187931277481
1102,23.29187931277481
1103,23.29187931277481
1104,23.29187931277481
1105,23.29187931277481
1106,23.29187931277481
1107,23.29187931277481
1108,23.29187931277481
1109,23.29187931277481
1110,23.29187931277481
1111,23.29187931277481
1112,23.29187931277481
1113,23.29187931277481
1114,23.29187931277481
1115,23.29187931277481
1116,23.29187931277481
1117,23.29187931277481
1118,23.29187931277481
1119,23.29187931277481
1120,23.29187931277481
1121,23.29187931277481
1122,23.29187931277481
1123,23.29187931277481
1124,23.29187931277481
1125,23.29187931277481
1126,23.29187931277481
1127,23.29187931277481
1128,23.29187931277481
1129,23.29187931277481
1130,23.29187931277481
1131,23.29187931277481
1132,23.29187931277481
1133,23.29187931277481
1134,23.29187931277481
1135,23.29187931277481
1136,23.29187931277481
1137,23.29187931277481
1138,23.29187931277481
1139,23.29187931277481
1140,23.29187931277481
1141,23.29187931277481
1142,23.29187931277481
1143,23.29187931277481
1144,23.29187931277481
1145,23.29187931277481
1146,23.29187931277481
1147,23.29187931277481
1148,23.29187931277481
1149,23.29187931277481
1150,23.29187931277481
1151,23.29187931277481
1152,23.29187931277481
1153,23.29187931277481
1154,23.29187931277481
1155,23.29187931277481
1156,23.29187931277481
1157,23.29187931277481
1158,23.29187931277481
1159,23.29187931277481
1160,23.29187931277481
1161,23.29187931277481
1162,23.29187931277481
1163,23.29187931277481
1164,23.29187931277481
1165,23.29187931277481
1166,23.29187931277481
1167,23.29187931277481
1168,23.29187931277481
1169,23.29187931277481
1170,23.29187931277481
1171,23.29187931277481
1172,23.29187931277481
1173,23.29187931277481
1174,23.29187931277481
1175,23.29187931277481
1176,23.29187931277481
1177,23.29187931277481
1178,23.29187931277481
1179,23.29187931277481
1180,23.29187931277481
1181,23.29187931277481
1182,23.29187931277481
1183,23.29187931277481
1184,23.29187931277481
1185,23.29187931277481
1186,23.29187931277481
1187,23.29187931277481
1188,23.29187931277481
1189,23.29187931277481
1190,23.29187931277481
1191,23.29187931277481
1192,23.29187931277481
1193,23.29187931277481
1194,23.29187931277481
1195,23.29187931277481
1196,23.29187931277481
1197,23.29187931277481
1198,23.29187931277481
1199,23.29187931277481
1200,23.29187931277481
1201,23.29187931277481
1202,23.29187931277481
1203,23.29187931277481
1204,23.29187931277481
1205,23.29187931277481
1206,23.29187931277481
1207,23.29187931277481
1208,23.29187931277481
1209,23.29187931277481
1210,23.29187931277481
1211,23.29187931277481
1212,23.29187931277481
1213,23.29187931277481
1214,23.29187931277481
1215,23.29187931277481
1216,23.29187931277481
1217,23.29187931277481
1218,23.29187931277481
1219,23.29187931277481
1220,23.29187931277481
1221,23.29187931277481
1222,23.29187931277481
1223,23.29187931277481
1224,23.29187931277481
1225,23.29187931277481
1226,23.29187931277481
1227,23.29187931277481
1228,23.29187931277481
1229,23.29187931277481
1230,23.29187931277481
1231,23.29187931277481
1232,23.29187931277481
1233,23.29187931277481
1234,23.29187931277481
1235,23.29187931277481
1236,23.29187931277481
1237,23.29187931277481
1238,23.29187931277481
1239,23.29187931277481
1240,23.29187931277481
1241,23.29187931277481
1242,23.29187931277481
1243,23.29187931277481
1244,23.29187931277481
1245,23.29187931277481
1246,23.29187931277481
1247,23.29187931277481
1248,23.29187931277481
1249,23.29187931277481
1250,23.29187931277481
1251,23.29187931277481
1252,23.29187931277481
1253,23.29187931277481
1254,23.29187931277481
1255,23.29187931277481
1256,23.29187931277481
1257,23.29187931277481
1258,23.29187931277481
1259,23.29187931277481
1260,23.29187931277481
1261,23.29187931277481
1262,23.29187931277481
1263,23.29187931277481
1264,23.29187931277481
1265,23.29187931277481
1266,23.29187931277481
1267,23.29187931277481
1268,23.29187931277481
1269,23.29187931277481
1270,23.29187931277481
1271,23.29187931277481
1272,23.29187931277481
1273,23.29187931277481
1274,23.29187931277481
1275,23.29187931277481
1276,23.29187931277481
1277,23.29187931277481
1278,23.29187931277481
1279,23.29187931277481
1280,23.29187931277481
1281,23.29187931277481
1282,23.29187931277481
1283,23.29187931277481
1284,23.29187931277481
1285,23.29187931277481
1286,23.29187931277481
1287,23.29187931277481
1288,23.29187931277481
1289,23.29187931277481
1290,23.29187931277481
1291,23.29187931277481
1292,23.29187931277481
1293,23.29187931277481
1294,23.29187931277481
1295,23.29187931277481
1296,23.29187931277481
1297,23.29187931277481
1298,23.29187931277481
1299,23.29187931277481
1300,23.29187931277481
1301,23.29187931277481
1302,23.29187931277481
1303,23.29187931277481
1304,23.29187931277481
1305,23.29187931277481
1306,23.29187931277481
1307,23.29187931277481
1308,23.29187931277481
1309,23.29187931277481
1310,23.29187931277481
1311,23.29187931277481
1312,23.29187931277481
1313,23.29187931277481
1314,23.29187931277481
1315,23.29187931277481
1316,23.29187931277481
1317,23.29187931277481
1318,23.29187931277481
1319,23.29187931277481
1320,23.29187931277481
1321,23.29187931277481
1322,23.29187931277481
1323,23.29187931277481
1324,23.29187931277481
1325,23.29187931277481
1326,23.29187931277481
1327,23.29187931277481
1328,23.29187931277481
1329,23.29187931277481
1330,23.29187931277481
1331,23.29187931277481
1332,23.29187931277481
1333,23.29187931277481
1334,23.29187931277481
1335,23.29187931277481
1336,23.29187931277481
1337,23.29187931277481
1338,23.29187931277481
1339,23.29187931277481
1340,23.29187931277481
1341,23.29187931277481
1342,23.29187931277481
1343,23.29187931277481
1344,23.29187931277481
1345,23.29187931277481
1346,23.29187931277481
1347,23.29187931277481
1348,23.29187931277481
1349,23.29187931277481
1350,23.29187931277481
1351,23.29187931277481
1352,23.29187931277481
1353,23.29187931277481
1354,23.29187931277481
1355,23.29187931277481
1356,23.29187931277481
1357,23.29187931277481
1358,23.29187931277481
1359,23.29187931277481
1360,23.29187931277481
1361,23.29187931277481
1362,23.29187931277481
1363,23.29187931277481
1364,23.29187931277481
1365,23.29187931277481
1366,23.29187931277481
1367,23.29187931277481
1368,23.29187931277481
1369,23.29187931277481
1370,23.29187931277481
1371,23.29187931277481
1372,23.29187931277481
1373,23.29187931277481
1374,23.29187931277481
1375,23.29187931277481
1376,23.29187931277481
1377,23.29187931277481
1378,23.29187931277481
1379,23.29187931277481
1380,23.29187931277481
1381,23.29187931277481
1382,23.29187931277481
1383,23.29187931277481
1384,23.29187931277481
1385,23.29187931277481
1386,23.29187931277481
1387,23.29187931277481
1388,23.29187931277481
1389,23.29187931277481
1390,23.29187931277481
1391,23.29187931277481
1392,23.29187931277481
1393,23.29187931277481
1394,23.29187931277481
1395,23.29187931277481
1396,23.29187931277481
1397,23.29187931277481
1398,23.29187931277481
1399,23.29187931277481
1400,23.29187931277481
1401,23.29187931277481
1402,23.29187931277481
1403,23.29187931277481
1404,23.29187931277481
1405,23.29187931277481
1406,23.29187931277481
1407,23.29187931277481
1408,23.29187931277481
1409,23.29187931277481
1410,23.29187931277481
1411,23.29187931277481
1412,23.29187931277481
1413,23.29187931277481
1414,23.29187931277481
1415,23.29187931277481
1416,23.29187931277481
1417,23.29187931277481
1418,23.29187931277481
1419,23.29187931277481
1420,23.29187931277481
1421,23.29187931277481
1422,23.29187931277481
1423,23.29187931277481
1424,23.29187931277481
1425,23.29187931277481
1426,23.29187931277481
1427,23.29187931277481
1428,23.29187931277481
1429,23.29187931277481
1430,23.29187931277481
1431,23.29187931277481
1432,23.29187931277481
1433,23.29187931277481
1434,23.29187931277481
1435,23.29187931277481
1436,23.29187931277481
1437,23.29187931277481
1438,23.29187931277481
1439,23.29187931277481
1440,23.29187931277481
1441,23.29187931277481
1442,23.29187931277481
1443,23.29187931277481
1444,23.29187931277481
1445,23.29187931277481
1446,23.29187931277481
1447,23.29187931277481
1448,23.29187931277481
1449,23.29187931277481
1450,23.29187931277481
1451,23.29187931277481
1452,23.29187931277481
1453,23.29187931277481
1454,23.29187931277481
1455,23.29187931277481
1456,23.29187931277481
1457,23.29187931277481
1458,23.29187931277481
1459,23.29187931277481
1460,23.29187931277481
1461,23.29187931277481
1462,23.29187931277481
1463,23.29187931277481
1464,23.29187931277481
1465,23.29187931277481
1466,23.29187931277481
1467,23.29187931277481
1468,23.29187931277481
1469,23.29187931277481
1470,23.29187931277481
1471,23.29187931277481
1472,23.29187931277481
1473,23.29187931277481
1474,23.29187931277481
1475,23.29187931277481
1476,23.29187931277481
1477,23.29187931277481
1478,23.29187931277481
1479,23.29187931277481
1480,23.29187931277481
1481,23.29187931277481
1482,23.29187931277481
1483,23.29187931277481
1484,23.29187931277481
1485,23.29187931277481
1486,23.29187931277481
1487,23.29187931277481
1488,23.29187931277481
1489,23.29187931277481
1490,23.29187931277481
1491,23.29187931277481
1492,23.29187931277481
1493,23.29187931277481
1494,23.29187931277481
1495,23.29187931277481
1496,23.29187931277481
1497,23.29187931277481
1498,23.29187931277481
1499,23.29187931277481
1500,23.29187931277481
1501,23.29187931277481
1502,23.29187931277481
1503,23.29187931277481
1504,23.29187931277481
1505,23.29187931277481
1506,23.29187931277481
1507,23.29187931277481
1508,23.29187931277481
1509,23.29187931277481
1510,23.29187931277481
1511,23.29187931277481
1512,23.29187931277481
1513,23.29187931277481
1514,23.29187931277481
1515,23.29187931277481
1516,23.29187931277481
1517,23.29187931277481
1518,23.29187931277481
1519,23.29187931277481
1520,23.29187931277481
1521,23.29187931277481
1522,23.29187931277481
1523,23.29187931277481
1524,23.29187931277481
1525,23.29187931277481
1526,23.29187931277481
1527,23.29187931277481
1528,23.29187931277481
1529,23.29187931277481
1530,23.29187931277481
1531,23.29187931277481
1532,23.29187931277481
1533,23.29187931277481
1534,23.29187931277481
1535,23.29187931277481
1536,23.29187931277481
1537,23.29187931277481
1538,23.29187931277481
1539,23.29187931277481
1540,23.29187931277481
1541,23.29187931277481
1542,23.29187931277481
1543,23.29187931277481
1544,23.29187931277481
1545,23.29187931277481
1546,23.29187931277481
1547,23.29187931277481
1548,23.29187931277481
1549,23.29187931277481
1550,23.29187931277481
1551,23.29187931277481
1552,23.29187931277481
1553,23.29187931277481
1554,23.29187931277481
1555,23.29187931277481
1556,23.29187931277481
1557,23.29187931277481
1558,23.29187931277481
1559,23.29187931277481
1560,23.29187931277481
1561,23.29187931277481
1562,23.29187931277481
1563,23.29187931277481
1564,23.29187931277481
1565,23.29187931277481
1566,23.29187931277481
1567,23.29187931277481
1568,23.29187931277481
1569,23.29187931277481
1570,23.29187931277481
1571,23.29187931277481
1572,23.29187931277481
1573,23.29187931277481
1574,23.29187931277481
1575,23.29187931277481
1576,23.29187931277481
1577,23.29187931277481
1578,23.29187931277481
1579,23.29187931277481
1580,23.29187931277481
1581,23.29187931277481
1582,23.29187931277481
1583,23.29187931277481
1584,23.29187931277481
1585,23.29187931277481
1586,23.29187931277481
1587,23.29187931277481
1588,23.29187931277481
1589,23.29187931277481
1590,23.29187931277481
1591,23.29187931277481
1592,23.29187931277481
1593,23.29187931277481
1594,23.29187931277481
1595,23.29187931277481
1596,23.29187931277481
1597,23.29187931277481
1598,23.29187931277481
1599,23.29187931277481
1600,23.29187931277481
1601,23.29187931277481
1602,23.29187931277481
1603,23.29187931277481
1604,23.29187931277481
1605,23.29187931277481
1606,23.29187931277481
1607,23.29187931277481
1608,23.29187931277481
1609,23.29187931277481
1610,23.29187931277481
1611,23.29187931277481
1612,23.29187931277481
1613,23.29187931277481
1614,23.29187931277481
1615,23.29187931277481
1616,23.29187931277481
1617,23.29187931277481
1618,23.29187931277481
1619,23.29187931277481
1620,23.29187931277481
1621,23.29187931277481
1622,23.29187931277481
1623,23.29187931277481
1624,23.29187931277481
1625,23.29187931277481
1626,23.29187931277481
1627,23.29187931277481
1628,23.29187931277481
1629,23.29187931277481
1630,23.29187931277481
1631,23.29187931277481
1632,23.29187931277481
1633,23.29187931277481
1634,23.29187931277481
1635,23.29187931277481
1636,23.29187931277481
1637,23.29187931277481
1638,23.29187931277481
1639,23.29187931277481
1640,23.29187931277481
1641,23.29187931277481
1642,23.29187931277481
1643,23.29187931277481
1644,23.29187931277481
1645,23.29187931277481
1646,23.29187931277481
1647,23.29187931277481
1648,23.29187931277481
1649,23.29187931277481
1650,23.29187931277481
1651,23.29187931277481
1652,23.29187931277481
1653,23.29187931277481
1654,23.29187931277481
1655,23.29187931277481
1656,23.29187931277481
1657,23.29187931277481
1658,23.29187931277481
1659,23.29187931277481
1660,23.29187931277481
1661,23.29187931277481
1662,23.29187931277481
1663,23.29187931277481
1664,23.29187931277481
1665,23.29187931277481
1666,23.29187931277481
1667,23.29187931277481
1668,23.29187931277481
1669,23.29187931277481
1670,23.29187931277481
1671,23.29187931277481
1672,23.29187931277481
1673,23.29187931277481
1674,23.29187931277481
1675,23.29187931277481
1676,23.29187931277481
1677,23.29187931277481
1678,23.29187931277481
1679,23.29187931277481
1680,23.29187931277481
1681,23.29187931277481
1682,23.29187931277481
1683,23.29187931277481
1684,23.29187931277481
1685,23.29187931277481
1686,23.29187931277481
1687,23.29187931277481
1688,23.29187931277481
1689,23.29187931277481
1690,23.29187931277481
1691,23.29187931277481
1692,23.29187931277481
1693,23.29187931277481
1694,23.29187931277481
1695,23.29187931277481
1696,23.29187931277481
1697,23.29187931277481
1698,23.29187931277481
1699,23.29187931277481
1700,23.29187931277481
1701,23.29187931277481
1702,23.29187931277481
1703,23.29187931277481
1704,23.29187931277481
1705,23.29187931277481
1706,23.29187931277481
1707,23.29187931277481
1708,23.29187931277481
1709,23.29187931277481
1710,23.29187931277481
1711,23.29187931277481
1712,23.29187931277481
1713,23.29187931277481
1714,23.29187931277481
1715,23.29187931277481
1716,23.29187931277481
1717,23.29187931277481
1718,23.29187931277481
1719,23.29187931277481
1720,23.29187931277481
1721,23.29187931277481
1722,23.29187931277481
1723,23.29187931277481
1724,23.29187931277481
1725,23.29187931277481
1726,23.29187931277481
1727,23.29187931277481
1728,23.29187931277481
1729,23.29187931277481
1730,23.29187931277481
1731,23.29187931277481
1732,23.29187931277481
1733,23.29187931277481
1734,23.29187931277481
1735,23.29187931277481
1736,23.29187931277481
1737,23.29187931277481
1738,23.29187931277481
1739,23.29187931277481
1740,23.29187931277481
1741,23.29187931277481
1742,23.29187931277481
1743,23.29187931277481
1744,23.29187931277481
1745,23.29187931277481
1746,23.29187931277481
1747,23.29187931277481
1748,23.29187931277481
1749,23.29187931277481
1750,23.29187931277481
1751,23.29187931277481
1752,23.29187931277481
1753,23.29187931277481
1754,23.29187931277481
1755,23.29187931277481
1756,23.29187931277481
1757,23.29187931277481
1758,23.29187931277481
1759,23.29187931277481
1760,23.29187931277481
1761,23.29187931277481
1762,23.29187931277481
1763,23.29187931277481
1764,23.29187931277481
1765,23.29187931277481
1766,23.29187931277481
1767,23.29187931277481
1768,23.29187931277481
1769,23.29187931277481
1770,23.29187931277481
1771,23.29187931277481
1772,23.29187931277481
1773,23.29187931277481
1774,23.29187931277481
1775,23.29187931277481
1776,23.29187931277481
1777,23.29187931277481
1778,23.29187931277481
1779,23.29187931277481
1780,23.29187931277481
1781,23.29187931277481
1782,23.29187931277481
1783,23.29187931277481
1784,23.29187931277481
1785,23.29187931277481
1786,23.29187931277481
1787,23.29187931277481
1788,23.29187931277481
1789,23.29187931277481
1790,23.29187931277481
1791,23.29187931277481
1792,23.29187931277481
1793,23.29187931277481
1794,23.29187931277481
1795,23.29187931277481
1796,23.29187931277481
1797,23.272799865801773
1798,23.272799865801773
1799,23.272799865801773
1800,23.272799865801773
1801,23.272799865801773
1802,23.272799865801773
1803,23.272799865801773
1804,23.272799865801773
1805,23.272799865801773
1806,23.272799865801773
1807,23.272799865801773
1808,23.272799865801773
1809,23.272799865801773
1810,23.272799865801773
1811,23.272799865801773
1812,23.272799865801773
1813,23.272799865801773
1814,23.272799865801773
1815,23.272799865801773
1816,23.272799865801773
1817,23.272799865801773
1818,23.272799865801773
1819,23.272799865801773
1820,23.272799865801773
1821,23.272799865801773
1822,23.272799865801773
1823,23.272799865801773
1824,23.272799865801773
1825,23.272799865801773
1826,23.272799865801773
1827,23.272799865801773
1828,23.272799865801773
1829,23.272799865801773
1830,23.272799865801773
1831,23.272799865801773
1832,23.272799865801773
1833,23.272799865801773
1834,23.272799865801773
1835,23.272799865801773
1836,23.272799865801773
1837,23.272799865801773
1838,23.272799865801773
1839,23.272799865801773
1840,23.272799865801773
1841,23.272799865801773
1842,23.272799865801773
1843,23.272799865801773
1844,23.272799865801773
1845,23.272799865801773
1846,23.272799865801773
1847,23.272799865801773
1848,23.272799865801773
1849,23.272799865801773
1850,23.272799865801773
1851,23.272799865801773
1852,23.272799865801773
1853,23.272799865801773
1854,23.272799865801773
1855,23.272799865801773
1856,23.272799865801773
1857,23.272799865801773
1858,23.272799865801773
1859,23.272799865801773
1860,23.272799865801773
1861,23.272799865801773
1862,23.272799865801773
1863,23.272799865801773
1864,23.272799865801773
1865,23.272799865801773
1866,23.272799865801773
1867,23.272799865801773
1868,23.272799865801773
1869,23.272799865801773
1870,23.272799865801773
1871,23.272799865801773
1872,23.272799865801773
1873,23.272799865801773
1874,23.272799865801773
1875,23.272799865801773
1876,23.272799865801773
1877,23.272799865801773
1878,23.272799865801773
1879,23.272799865801773
1880,23.272799865801773
1881,23.272799865801773
1882,23.272799865801773
1883,23.272799865801773
1884,23.272799865801773
1885,23.272799865801773
1886,23.272799865801773
1887,23.272799865801773
1888,23.272799865801773
1889,23.272799865801773
1890,23.272799865801773
1891,23.272799865801773
1892,23.272799865801773
1893,23.272799865801773
1894,23.272799865801773
1895,23.272799865801773
1896,23.272799865801773
1897,23.272799865801773
1898,23.272799865801773
1899,23.272799865801773
1900,23.272799865801773
1901,23.272799865801773
1902,23.272799865801773
1903,23.272799865801773
1904,23.272799865801773
1905,23.272799865801773
1906,23.272799865801773
1907,23.272799865801773
1908,23.272799865801773
1909,23.272799865801773
1910,23.272799865801773
1911,23.272799865801773
1912,23.272799865801773
1913,23.272799865801773
1914,23.272799865801773
1915,23.272799865801773
1916,23.272799865801773
1917,23.272799865801773
1918,23.272799865801773
1919,23.272799865801773
1920,23.272799865801773
1921,23.272799865801773
1922,23.272799865801773
1923,23.272799865801773
1924,23.272799865801773
1925,23.272799865801773
1926,23.272799865801773
1927,23.272799865801773
1928,23.272799865801773
1929,23.272799865801773
1930,23.272799865801773
1931,23.272799865801773
1932,23.272799865801773
1933,23.272799865801773
1934,23.272799865801773
1935,23.272799865801773
1936,23.272799865801773
1937,22.73454091334809
1938,22.73454091334809
1939,22.73454091334809
1940,22.73454091334809
1941,22.73454091334809
1942,22.73454091334809
1943,22.73454091334809
1944,22.73454091334809
1945,22.73454091334809
1946,22.73454091334809
1947,22.73454091334809
1948,22.73454091334809
1949,22.73454091334809
1950,22.73454091334809
1951,22.73454091334809
1952,22.73454091334809
1953,22.73454091334809
1954,22.73454091334809
1955,22.73454091334809
1956,22.73454091334809
1957,22.73454091334809
1958,22.73454091334809
1959,22.73454091334809
1960,22.73454091334809
1961,22.73454091334809
1962,22.73454091334809
1963,22.73454091334809
1964,22.73454091334809
1965,22.73454091334809
1966,22.73454091334809
1967,22.73454091334809
1968,22.73454091334809
1969,22.73454091334809
1970,22.73454091334809
1971,22.73454091334809
1972,22.73454091334809
1973,22.73454091334809
1974,22.73454091334809
1975,22.73454091334809
1976,22.73454091334809
1977,22.73454091334809
1978,22.73454091334809
1979,22.73454091334809
1980,22.73454091334809
1981,22.73454091334809
1982,22.73454091334809
1983,22.73454091334809
1984,22.73454091334809
1985,22.73454091334809
1986,22.73454091334809
1987,22.73454091334809
1988,22.73454091334809
1989,22.73454091334809
1990,22.73454091334809
1991,22.73454091334809
1992,22.73454091334809
1993,22.73454091334809
1994,22.73454091334809
1995,22.73454091334809
1996,22.73454091334809
1997,22.73454091334809
1998,22.73454091334809
1999,22.73454091334809
2000,22.73454091334809
2001,22.73454091334809
2002,22.73454091334809
2003,22.73454091334809
2004,22.73454091334809
2005,22.73454091334809
2006,22.73454091334809
2007,22.73454091334809
2008,22.73454091334809
2009,22.73454091334809
2010,22.73454091334809
2011,22.73454091334809
2012,22.73454091334809
2013,22.73454091334809
2014,22.73454091334809
2015,22.73454091334809
2016,22.73454091334809
2017,22.73454091334809
2018,22.73454091334809
2019,22.73454091334809
2020,22.73454091334809
2021,22.73454091334809
2022,22.73454091334809
2023,22.73454091334809
2024,22.73454091334809
2025,22.73454091334809
2026,22.73454091334809
2027,22.73454091334809
2028,22.73454091334809
2029,22.73454091334809
2030,22.73454091334809
2031,22.73454091334809
2032,22.73454091334809
2033,22.73454091334809
2034,22.73454091334809
2035,22.73454091334809
2036,22.73454091334809
2037,22.73454091334809
2038,22.73454091334809
2039,22.73454091334809
2040,22.73454091334809
2041,22.73454091334809
2042,22.73454091334809
2043,22.73454091334809
2044,22.73454091334809
2045,22.73454091334809
2046,22.73454091334809
2047,22.73454091334809
2048,22.73454091334809
2049,22.73454091334809
2050,22.73454091334809
2051,22.73454091334809
2052,22.73454091334809
2053,22.73454091334809
2054,22.73454091334809
2055,22.73454091334809
2056,22.73454091334809
2057,22.73454091334809
2058,22.73454091334809
2059,22.73454091334809
2060,22.73454091334809
2061,22.73454091334809
2062,22.73454091334809
2063,22.73454091334809
2064,22.73454091334809
2065,22.73454091334809
2066,22.73454091334809
2067,22.73454091334809
2068,22.73454091334809
2069,22.73454091334809
2070,22.73454091334809
2071,22.73454091334809
2072,22.73454091334809
2073,22.73454091334809
2074,22.73454091334809
2075,22.73454091334809
2076,22.73454091334809
2077,22.73454091334809
2078,22.73454091334809
2079,22.73454091334809
2080,22.73454091334809
2081,22.73454091334809
2082,22.73454091334809
2083,22.73454091334809
2084,22.73454091334809
2085,22.73454091334809
2086,22.73454091334809
2087,22.73454091334809
2088,22.73454091334809
2089,22.73454091334809
2090,22.73454091334809
2091,22.73454091334809
2092,22.73454091334809
2093,22.73454091334809
2094,22.73454091334809
2095,22.73454091334809
2096,22.73454091334809
2097,22.73454091334809
2098,22.73454091334809
2099,22.73454091334809
2100,22.73454091334809
2101,22.73454091334809
2102,22.73454091334809
2103,22.73454091334809
2104,22.73454091334809
2105,22.73454091334809
2106,22.73454091334809
2107,22.73454091334809
2108,22.73454091334809
2109,22.73454091334809
2110,22.73454091334809
2111,22.73454091334809
2112,22.73454091334809
2113,22.73454091334809
2114,22.73454091334809
2115,22.73454091334809
2116,22.73454091334809
2117,22.73454091334809
2118,22.73454091334809
2119,22.73454091334809
2120,22.73454091334809
2121,22.73454091334809
2122,22.73454091334809
2123,22.73454091334809
2124,22.73454091334809
2125,22.73454091334809
2126,22.73454091334809
2127,22.73454091334809
2128,22.73454091334809
2129,22.73454091334809
2130,22.73454091334809
2131,22.73454091334809
2132,22.73454091334809
2133,22.73454091334809
2134,22.73454091334809
2135,22.73454091334809
2136,22.73454091334809
2137,22.73454091334809
2138,22.73454091334809
2139,22.73454091334809
2140,22.73454091334809
2141,22.73454091334809
2142,22.73454091334809
2143,22.73454091334809
2144,22.73454091334809
2145,22.73454091334809
2146,22.73454091334809
2147,22.73454091334809
2148,22.73454091334809
2149,22.73454091334809
2150,22.73454091334809
2151,22.73454091334809
2152,22.73454091334809
2153,22.73454091334809
2154,22.73454091334809
2155,22.73454091334809
2156,22.73454091334809
2157,22.73454091334809
2158,22.73454091334809
2159,22.73454091334809
2160,22.73454091334809
2161,22.73454091334809
2162,22.73454091334809
2163,22.73454091334809
2164,22.73454091334809
2165,22.73454091334809
2166,22.73454091334809
2167,22.73454091334809
2168,22.73454091334809
2169,22.73454091334809
2170,22.73454091334809
2171,22.73454091334809
2172,22.73454091334809
2173,22.73454091334809
2174,22.73454091334809
2175,22.73454091334809
2176,22.73454091334809
2177,22.73454091334809
2178,22.73454091334809
2179,22.73454091334809
2180,22.73454091334809
2181,22.73454091334809
2182,22.73454091334809
2183,22.73454091334809
2184,22.73454091334809
2185,22.73454091334809
2186,22.73454091334809
2187,22.73454091334809
2188,22.73454091334809
2189,22.73454091334809
2190,22.73454091334809
2191,22.73454091334809
2192,22.73454091334809
2193,22.73454091334809
2194,22.73454091334809
2195,22.73454091334809
2196,22.73454091334809
2197,22.73454091334809
2198,22.73454091334809
2199,22.73454091334809
2200,22.73454091334809
2201,22.73454091334809
2202,22.73454091334809
2203,22.73454091334809
2204,22.73454091334809
2205,22.73454091334809
2206,22.73454091334809
2207,22.73454091334809
2208,22.73454091334809
2209,22.73454091334809
2210,22.73454091334809
2211,22.73454091334809
2212,22.73454091334809
2213,22.73454091334809
2214,22.73454091334809
2215,22.73454091334809
2216,22.73454091334809
2217,22.73454091334809
2218,22.73454091334809
2219,22.73454091334809
2220,22.73454091334809
2221,22.73454091334809
2222,22.73454091334809
2223,22.73454091334809
2224,22.73454091334809
2225,22.73454091334809
2226,22.73454091334809
2227,22.73454091334809
2228,22.73454091334809
2229,22.73454091334809
2230,22.73454091334809
2231,22.73454091334809
2232,22.73454091334809
2233,22.73454091334809
2234,22.73454091334809
2235,22.73454091334809
2236,22.73454091334809
2237,22.73454091334809
2238,22.73454091334809
2239,22.73454091334809
2240,22.73454091334809
2241,22.73454091334809
2242,22.73454091334809
2243,22.73454091334809
2244,22.73454091334809
2245,22.73454091334809
2246,22.73454091334809
2247,22.73454091334809
2248,22.73454091334809
2249,22.73454091334809
2250,22.73454091334809
2251,22.73454091334809
2252,22.73454091334809
2253,22.73454091334809
2254,22.73454091334809
2255,22.73454091334809
2256,22.73454091334809
2257,22.73454091334809
2258,22.73454091334809
2259,22.73454091334809
2260,22.73454091334809
2261,22.73454091334809
2262,22.73454091334809
2263,22.73454091334809
2264,22.73454091334809
2265,22.73454091334809
2266,22.73454091334809
2267,22.73454091334809
2268,22.73454091334809
2269,22.73454091334809
2270,22.73454091334809
2271,22.73454091334809
2272,22.73454091334809
2273,22.73454091334809
2274,22.73454091334809
2275,22.73454091334809
2276,22.73454091334809
2277,22.73454091334809
2278,22.73454091334809
2279,22.73454091334809
2280,22.73454091334809
2281,22.73454091334809
2282,22.73454091334809
2283,22.73454091334809
2284,22.73454091334809
2285,22.73454091334809
2286,22.73454091334809
2287,22.73454091334809
2288,22.73454091334809
2289,22.73454091334809
2290,22.73454091334809
2291,22.73454091334809
2292,22.73454091334809
2293,22.73454091334809
2294,22.73454091334809
2295,22.73454091334809
2296,22.73454091334809
2297,22.73454091334809
2298,22.73454091334809
2299,22.73454091334809
2300,22.73454091334809
2301,22.73454091334809
2302,22.73454091334809
2303,22.73454091334809
2304,22.73454091334809
2305,22.73454091334809
2306,22.73454091334809
2307,22.73454091334809
2308,22.73454091334809
2309,22.73454091334809
2310,22.73454091334809
2311,22.73454091334809
2312,22.73454091334809
2313,22.73454091334809
2314,22.73454091334809
2315,22.73454091334809
2316,22.73454091334809
2317,22.73454091334809
2318,22.73454091334809
2319,22.73454091334809
2320,22.73454091334809
2321,22.73454091334809
2322,22.73454091334809
2323,22.73454091334809
2324,22.73454091334809
2325,22.73454091334809
2326,22.73454091334809
2327,22.73454091334809
2328,22.73454091334809
2329,22.73454091334809
2330,22.73454091334809
2331,22.73454091334809
2332,22.73454091334809
2333,22.73454091334809
2334,22.73454091334809
2335,22.73454091334809
2336,22.73454091334809
2337,22.73454091334809
2338,22.73454091334809
2339,22.73454091334809
2340,22.73454091334809
2341,22.73454091334809
2342,22.73454091334809
2343,22.73454091334809
2344,22.73454091334809
2345,22.73454091334809
2346,22.73454091334809
2347,22.73454091334809
2348,22.73454091334809
2349,22.73454091334809
2350,22.73454091334809
2351,22.73454091334809
2352,22.73454091334809
2353,22.73454091334809
2354,22.73454091334809
2355,22.73454091334809
2356,22.73454091334809
2357,22.73454091334809
2358,22.73454091334809
2359,22.73454091334809
2360,22.73454091334809
2361,22.73454091334809
2362,22.73454091334809
2363,22.73454091334809
2364,22.73454091334809
2365,22.73454091334809
2366,22.73454091334809
2367,22.73454091334809
2368,22.73454091334809
2369,22.73454091334809
2370,22.73454091334809
2371,22.73454091334809
2372,22.73454091334809
2373,22.73454091334809
2374,22.73454091334809
2375,22.73454091334809
2376,22.73454091334809
2377,22.73454091334809
2378,22.73454091334809
2379,22.73454091334809
2380,22.73454091334809
2381,22.73454091334809
2382,22.73454091334809
2383,22.73454091334809
2384,22.73454091334809
2385,22.73454091334809
2386,22.73454091334809
2387,22.73454091334809
2388,22.73454091334809
2389,22.73454091334809
2390,22.73454091334809
2391,22.73454091334809
2392,22.73454091334809
2393,22.73454091334809
2394,22.73454091334809
2395,22.73454091334809
2396,22.73454091334809
2397,22.73454091334809
2398,22.73454091334809
2399,22.73454091334809
2400,22.73454091334809
2401,22.73454091334809
2402,22.73454091334809
2403,22.73454091334809
2404,22.73454091334809
2405,22.73454091334809
2406,22.73454091334809
2407,22.73454091334809
2408,22.73454091334809
2409,22.73454091334809
2410,22.73454091334809
2411,22.73454091334809
2412,22.73454091334809
2413,22.73454091334809
2414,22.73454091334809
2415,22.73454091334809
2416,22.73454091334809
2417,22.73454091334809
2418,22.73454091334809
2419,22.73454091334809
2420,22.73454091334809
2421,22.73454091334809
2422,22.73454091334809
2423,22.73454091334809
2424,22.73454091334809
2425,22.73454091334809
2426,22.73454091334809
2427,22.73454091334809
2428,22.73454091334809
2429,22.73454091334809
2430,22.73454091334809
2431,22.73454091334809
2432,22.73454091334809
2433,22.73454091334809
2434,22.73454091334809
2435,22.73454091334809
2436,22.73454091334809
2437,22.73454091334809
2438,22.73454091334809
2439,22.73454091334809
2440,22.73454091334809
2441,22.73454091334809
2442,22.73454091334809
2443,22.73454091334809
2444,22.73454091334809
2445,22.73454091334809
2446,22.73454091334809
2447,22.73454091334809
2448,22.73454091334809
2449,22.73454091334809
2450,22.73454091334809
2451,22.73454091334809
2452,22.73454091334809
2453,22.73454091334809
2454,22.73454091334809
2455,22.73454091334809
2456,22.73454091334809
2457,22.73454091334809
2458,22.73454091334809
2459,22.73454091334809
2460,22.73454091334809
2461,22.73454091334809
2462,22.73454091334809
2463,22.73454091334809
2464,22.73454091334809
2465,22.73454091334809
2466,22.73454091334809
2467,22.73454091334809
2468,22.73454091334809
2469,22.73454091334809
2470,22.73454091334809
2471,22.73454091334809
2472,22.73454091334809
2473,22.73454091334809
2474,22.73454091334809
2475,22.73454091334809
2476,22.73454091334809
2477,22.73454091334809
2478,22.73454091334809
2479,22.73454091334809
2480,22.73454091334809
2481,22.73454091334809
2482,22.73454091334809
2483,22.73454091334809
2484,22.73454091334809
2485,22.73454091334809
2486,22.73454091334809
2487,22.73454091334809
2488,22.73454091334809
2489,22.73454091334809
2490,22.73454091334809
2491,22.73454091334809
2492,22.73454091334809
2493,22.73454091334809
2494,22.73454091334809
2495,22.73454091334809
2496,22.73454091334809
2497,22.73454091334809
2498,22.73454091334809
2499,22.73454091334809
2500,22.73454091334809
2501,22.73454091334809
2502,22.73454091334809
2503,22.73454091334809
2504,22.73454091334809
2505,22.73454091334809
2506,22.73454091334809
2507,22.73454091334809
2508,22.73454091334809
2509,22.73454091334809
2510,22.73454091334809
2511,22.73454091334809
2512,22.73454091334809
2513,22.73454091334809
2514,22.73454091334809
2515,22.73454091334809
2516,22.73454091334809
2517,22.73454091334809
2518,22.73454091334809
2519,22.73454091334809
2520,22.73454091334809
2521,22.73454091334809
2522,22.73454091334809
2523,22.73454091334809
2524,22.73454091334809
2525,22.73454091334809
2526,22.73454091334809
2527,22.73454091334809
2528,22.73454091334809
2529,22.73454091334809
2530,22.73454091334809
2531,22.73454091334809
2532,22.73454091334809
2533,22.73454091334809
2534,22.73454091334809
2535,22.73454091334809
2536,22.73454091334809
2537,22.73454091334809
2538,22.73454091334809
2539,22.73454091334809
2540,22.73454091334809
2541,22.73454091334809
2542,22.73454091334809
2543,22.73454091334809
2544,22.73454091334809
2545,22.73454091334809
2546,22.73454091334809
2547,22.73454091334809
2548,22.73454091334809
2549,22.73454091334809
2550,22.73454091334809
2551,22.73454091334809
2552,22.73454091334809
2553,22.73454091334809
2554,22.73454091334809
2555,22.73454091334809
2556,22.73454091334809
2557,22.73454091334809
2558,22.73454091334809
2559,22.73454091334809
2560,22.73454091334809
2561,22.73454091334809
2562,22.73454091334809
2563,22.73454091334809
2564,22.73454091334809
2565,22.73454091334809
2566,22.73454091334809
2567,22.73454091334809
2568,22.73454091334809
2569,22.73454091334809
2570,22.73454091334809
2571,22.73454091334809
2572,22.73454091334809
2573,22.73454091334809
2574,22.73454091334809
2575,22.73454091334809
2576,22.73454091334809
2577,22.73454091334809
2578,22.73454091334809
2579,22.73454091334809
2580,22.73454091334809
2581,22.73454091334809
2582,22.73454091334809
2583,22.73454091334809
2584,22.73454091334809
2585,22.73454091334809
2586,22.73454091334809
2587,22.73454091334809
2588,22.73454091334809
2589,22.73454091334809
2590,22.73454091334809
2591,22.73454091334809
2592,22.73454091334809
2593,22.73454091334809
2594,22.73454091334809
2595,22.73454091334809
2596,22.73454091334809
2597,22.73454091334809
2598,22.73454091334809
2599,22.73454091334809
2600,22.73454091334809
2601,22.73454091334809
2602,22.73454091334809
2603,22.73454091334809
2604,22.73454091334809
2605,22.73454091334809
2606,22.73454091334809
2607,22.73454091334809
2608,22.73454091334809
2609,22.73454091334809
2610,22.73454091334809
2611,22.73454091334809
2612,22.73454091334809
2613,22.73454091334809
2614,22.73454091334809
2615,22.73454091334809
2616,22.73454091334809
2617,22.73454091334809
2618,22.73454091334809
2619,22.73454091334809
2620,22.73454091334809
2621,22.73454091334809
2622,22.73454091334809
2623,22.73454091334809
2624,22.73454091334809
2625,22.73454091334809
2626,22.73454091334809
2627,22.73454091334809
2628,22.73454091334809
2629,22.73454091334809
2630,22.73454091334809
2631,22.73454091334809
2632,22.73454091334809
2633,22.73454091334809
2634,22.73454091334809
2635,22.73454091334809
2636,22.73454091334809
2637,22.73454091334809
2638,22.73454091334809
2639,22.73454091334809
2640,22.73454091334809
2641,22.73454091334809
2642,22.73454091334809
2643,22.73454091334809
2644,22.73454091334809
2645,22.73454091334809
2646,22.73454091334809
2647,22.73454091334809
2648,22.73454091334809
2649,22.73454091334809
2650,22.73454091334809
2651,22.73454091334809
2652,22.73454091334809
2653,22.73454091334809
2654,22.73454091334809
2655,22.73454091334809
2656,22.73454091334809
2657,22.73454091334809
2658,22.73454091334809
2659,22.73454091334809
2660,22.73454091334809
2661,22.73454091334809
2662,22.73454091334809
2663,22.73454091334809
2664,22.73454091334809
2665,22.73454091334809
2666,22.73454091334809
2667,22.73454091334809
2668,22.73454091334809
2669,22.73454091334809
2670,22.73454091334809
2671,22.73454091334809
2672,22.73454091334809
2673,22.73454091334809
2674,22.73454091334809
2675,22.73454091334809
2676,22.73454091334809
2677,22.73454091334809
2678,22.73454091334809
2679,22.73454091334809
2680,22.73454091334809
2681,22.73454091334809
2682,22.73454091334809
2683,22.73454091334809
2684,22.73454091334809
2685,22.73454091334809
2686,22.73454091334809
2687,22.73454091334809
2688,22.73454091334809
2689,22.73454091334809
2690,22.73454091334809
2691,22.73454091334809
2692,22.73454091334809
2693,22.73454091334809
2694,22.73454091334809
2695,22.73454091334809
2696,22.73454091334809
2697,22.73454091334809
2698,22.73454091334809
2699,22.73454091334809
2700,22.73454091334809
2701,22.73454091334809
2702,22.73454091334809
2703,22.73454091334809
2704,22.73454091334809
2705,22.73454091334809
2706,22.73454091334809
2707,22.73454091334809
2708,22.73454091334809
2709,22.73454091334809
2710,22.73454091334809
2711,22.73454091334809
2712,22.73454091334809
2713,22.73454091334809
2714,22.73454091334809
2715,22.73454091334809
2716,22.73454091334809
2717,22.73454091334809
2718,22.73454091334809
2719,22.73454091334809
2720,22.73454091334809
2721,22.73454091334809
2722,22.73454091334809
2723,22.73454091334809
2724,22.73454091334809
2725,22.73454091334809
2726,22.73454091334809
2727,22.73454091334809
2728,22.73454091334809
2729,22.73454091334809
2730,22.73454091334809
2731,22.73454091334809
2732,22.73454091334809
2733,22.73454091334809
2734,22.73454091334809
2735,22.73454091334809
2736,22.73454091334809
2737,22.73454091334809
2738,22.73454091334809
2739,22.73454091334809
2740,22.73454091334809
2741,22.73454091334809
2742,22.73454091334809
2743,22.73454091334809
2744,22.73454091334809
2745,22.73454091334809
2746,22.73454091334809
2747,22.73454091334809
2748,22.73454091334809
2749,22.73454091334809
2750,22.73454091334809
2751,22.73454091334809
2752,22.73454091334809
2753,22.73454091334809
2754,22.73454091334809
2755,22.73454091334809
2756,22.73454091334809
2757,22.73454091334809
2758,22.73454091334809
2759,22.73454091334809
2760,22.73454091334809
2761,22.73454091334809
2762,22.73454091334809
2763,22.73454091334809
2764,22.73454091334809
2765,22.73454091334809
2766,22.73454091334809
2767,22.73454091334809
2768,22.73454091334809
2769,22.73454091334809
2770,22.73454091334809
2771,22.73454091334809
2772,22.73454091334809
2773,22.73454091334809
2774,22.73454091334809
2775,22.73454091334809
2776,22.73454091334809
2777,22.73454091334809
2778,22.73454091334809
2779,22.73454091334809
2780,22.73454091334809
2781,22.73454091334809
2782,22.73454091334809
2783,22.73454091334809
2784,22.73454091334809
2785,22.73454091334809
2786,22.73454091334809
2787,22.73454091334809
2788,22.73454091334809
2789,22.73454091334809
2790,22.73454091334809
2791,22.73454091334809
2792,22.73454091334809
2793,22.73454091334809
2794,22.73454091334809
2795,22.73454091334809
2796,22.73454091334809
2797,22.73454091334809
2798,22.73454091334809
2799,22.73454091334809
2800,22.73454091334809
2801,22.73454091334809
2802,22.73454091334809
2803,22.73454091334809
2804,22.73454091334809
2805,22.73454091334809
2806,22.73454091334809
2807,22.73454091334809
2808,22.73454091334809
2809,22.73454091334809
2810,22.73454091334809
2811,22.73454091334809
2812,22.73454091334809
2813,22.73454091334809
2814,22.73454091334809
2815,22.73454091334809
2816,22.73454091334809
2817,22.73454091334809
2818,22.73454091334809
2819,22.73454091334809
2820,22.73454091334809
2821,22.73454091334809
2822,22.73454091334809
2823,22.73454091334809
2824,22.73454091334809
2825,22.73454091334809
2826,22.73454091334809
2827,22.73454091334809
2828,22.73454091334809
2829,22.73454091334809
2830,22.73454091334809
2831,22.73454091334809
2832,22.73454091334809
2833,22.73454091334809
2834,22.73454091334809
2835,22.73454091334809
2836,22.73454091334809
2837,22.73454091334809
2838,22.73454091334809
2839,22.73454091334809
2840,22.73454091334809
2841,22.73454091334809
2842,22.73454091334809
2843,22.73454091334809
2844,22.73454091334809
2845,22.73454091334809
2846,22.73454091334809
2847,22.73454091334809
2848,22.73454091334809
2849,22.73454091334809
2850,22.73454091334809
2851,22.73454091334809
2852,22.73454091334809
2853,22.73454091334809
2854,22.73454091334809
2855,22.73454091334809
2856,22.73454091334809
2857,22.73454091334809
2858,22.73454091334809
2859,22.73454091334809
2860,22.73454091334809
2861,22.73454091334809
2862,22.73454091334809
2863,22.73454091334809
2864,22.73454091334809
2865,22.73454091334809
2866,22.73454091334809
2867,22.73454091334809
2868,22.73454091334809
2869,22.73454091334809
2870,22.73454091334809
2871,22.73454091334809
2872,22.73454091334809
2873,22.73454091334809
2874,22.73454091334809
2875,22.73454091334809
2876,22.73454091334809
2877,22.73454091334809
2878,22.73454091334809
2879,22.73454091334809
2880,22.73454091334809
2881,22.73454091334809
2882,22.73454091334809
2883,22.73454091334809
2884,22.73454091334809
2885,22.73454091334809
2886,22.73454091334809
2887,22.73454091334809
2888,22.73454091334809
2889,22.73454091334809
2890,22.73454091334809
2891,22.73454091334809
2892,22.73454091334809
2893,22.73454091334809
2894,22.73454091334809
2895,22.73454091334809
2896,22.73454091334809
2897,22.73454091334809
2898,22.73454091334809
2899,22.73454091334809
2900,22.73454091334809
2901,22.73454091334809
2902,22.73454091334809
2903,22.73454091334809
2904,22.73454091334809
2905,22.73454091334809
2906,22.73454091334809
2907,22.73454091334809
2908,22.73454091334809
2909,22.73454091334809
2910,22.73454091334809
2911,22.73454091334809
2912,22.73454091334809
2913,22.73454091334809
2914,22.73454091334809
2915,22.73454091334809
2916,22.73454091334809
2917,22.73454091334809
2918,22.73454091334809
2919,22.73454091334809
2920,22.73454091334809
2921,22.73454091334809
2922,22.73454091334809
2923,22.73454091334809
2924,22.73454091334809
2925,22.73454091334809
2926,22.73454091334809
2927,22.73454091334809
2928,22.73454091334809
2929,22.73454091334809
2930,22.73454091334809
2931,22.73454091334809
2932,22.73454091334809
2933,22.73454091334809
2934,22.73454091334809
2935,22.73454091334809
2936,22.73454091334809
2937,22.73454091334809
2938,22.73454091334809
2939,22.73454091334809
2940,22.73454091334809
2941,22.73454091334809
2942,22.73454091334809
2943,22.73454091334809
2944,22.73454091334809
2945,22.73454091334809
2946,22.73454091334809
2947,22.73454091334809
2948,22.73454091334809
2949,22.73454091334809
2950,22.73454091334809
2951,22.73454091334809
2952,22.73454091334809
2953,22.73454091334809
2954,22.73454091334809
2955,22.73454091334809
2956,22.73454091334809
2957,22.73454091334809
2958,22.73454091334809
2959,22.73454091334809
2960,22.73454091334809
2961,22.73454091334809
2962,22.73454091334809
2963,22.73454091334809
2964,22.73454091334809
2965,22.73454091334809
2966,22.73454091334809
2967,22.73454091334809
2968,22.73454091334809
2969,22.73454091334809
2970,22.73454091334809
2971,22.73454091334809
2972,22.73454091334809
2973,22.73454091334809
2974,22.73454091334809
2975,22.73454091334809
2976,22.73454091334809
2977,22.73454091334809
2978,22.73454091334809
2979,22.73454091334809
2980,22.73454091334809
2981,22.73454091334809
2982,22.73454091334809
2983,22.73454091334809
2984,22.73454091334809
2985,22.73454091334809
2986,22.73454091334809
2987,22.73454091334809
2988,22.73454091334809
2989,22.73454091334809
2990,22.73454091334809
2991,22.73454091334809
2992,22.73454091334809
2993,22.73454091334809
2994,22.73454091334809
2995,22.73454091334809
2996,22.73454091334809
2997,22.73454091334809
2998,22.73454091334809
2999,22.73454091334809
3000,22.73454091334809
3001,22.73454091334809
3002,22.73454091334809
3003,22.73454091334809
3004,22.73454091334809
3005,22.73454091334809
3006,22.73454091334809
3007,22.73454091334809
3008,22.73454091334809
3009,22.73454091334809
3010,22.73454091334809
3011,22.73454091334809
3012,22.73454091334809
3013,22.73454091334809
3014,22.73454091334809
3015,22.73454091334809
3016,22.73454091334809
3017,22.73454091334809
3018,22.73454091334809
3019,22.73454091334809
3020,22.73454091334809
3021,22.73454091334809
3022,22.73454091334809
3023,22.73454091334809
3024,22.73454091334809
3025,22.73454091334809
3026,22.73454091334809
3027,22.73454091334809
3028,22.73454091334809
3029,22.73454091334809
3030,22.73454091334809
3031,22.73454091334809
3032,22.73454091334809
3033,22.73454091334809
3034,22.73454091334809
3035,22.73454091334809
3036,22.73454091334809
3037,22.73454091334809
3038,22.73454091334809
3039,22.73454091334809
3040,22.73454091334809
3041,22.73454091334809
3042,22.73454091334809
3043,22.73454091334809
3044,22.73454091334809
3045,22.73454091334809
3046,22.73454091334809
3047,22.73454091334809
3048,22.73454091334809
3049,22.73454091334809
3050,22.73454091334809
3051,22.73454091334809
3052,22.73454091334809
3053,22.73454091334809
3054,22.73454091334809
3055,22.73454091334809
3056,22.73454091334809
3057,22.73454091334809
3058,22.73454091334809
3059,22.73454091334809
3060,22.73454091334809
3061,22.73454091334809
3062,22.73454091334809
3063,22.73454091334809
3064,22.73454091334809
3065,22.73454091334809
3066,22.73454091334809
3067,22.73454091334809
3068,22.73454091334809
3069,22.73454091334809
3070,22.73454091334809
3071,22.73454091334809
3072,22.73454091334809
3073,22.73454091334809
3074,22.73454091334809
3075,22.73454091334809
3076,22.73454091334809
3077,22.73454091334809
3078,22.73454091334809
3079,22.73454091334809
3080,22.73454091334809
3081,22.73454091334809
3082,22.73454091334809
3083,22.73454091334809
3084,22.73454091334809
3085,22.73454091334809
3086,22.73454091334809
3087,22.73454091334809
3088,22.73454091334809
3089,22.73454091334809
3090,22.73454091334809
3091,22.73454091334809
3092,22.73454091334809
3093,22.73454091334809
3094,22.73454091334809
3095,22.73454091334809
3096,22.73454091334809
3097,22.73454091334809
3098,22.73454091334809
3099,22.73454091334809
3100,22.73454091334809
3101,22.73454091334809
3102,22.73454091334809
3103,22.73454091334809
3104,22.73454091334809
3105,22.73454091334809
3106,22.73454091334809
3107,22.73454091334809
3108,22.73454091334809
3109,22.73454091334809
3110,22.73454091334809
3111,22.73454091334809
3112,22.73454091334809
3113,22.73454091334809
3114,22.73454091334809
3115,22.73454091334809
3116,22.73454091334809
3117,22.73454091334809
3118,22.73454091334809
3119,22.73454091334809
3120,22.73454091334809
3121,22.73454091334809
3122,22.73454091334809
3123,22.73454091334809
3124,22.73454091334809
3125,22.73454091334809
3126,22.73454091334809
3127,22.73454091334809
3128,22.73454091334809
3129,22.73454091334809
3130,22.73454091334809
3131,22.73454091334809
3132,22.73454091334809
3133,22.73454091334809
3134,22.73454091334809
3135,22.73454091334809
3136,22.73454091334809
3137,22.73454091334809
3138,22.73454091334809
3139,22.73454091334809
3140,22.73454091334809
3141,22.73454091334809
3142,22.73454091334809
3143,22.73454091334809
3144,22.73454091334809
3145,22.73454091334809
3146,22.73454091334809
3147,22.73454091334809
3148,22.73454091334809
3149,22.73454091334809
3150,22.73454091334809
3151,22.73454091334809
3152,22.73454091334809
3153,22.73454091334809
3154,22.73454091334809
3155,22.73454091334809
3156,22.73454091334809
3157,22.73454091334809
3158,22.73454091334809
3159,22.73454091334809
3160,22.73454091334809
3161,22.73454091334809
3162,22.73454091334809
3163,22.73454091334809
3164,22.73454091334809
3165,22.73454091334809
3166,22.73454091334809
3167,22.73454091334809
3168,22.73454091334809
3169,22.73454091334809
3170,22.73454091334809
3171,22.73454091334809
3172,22.73454091334809
3173,22.73454091334809
3174,22.73454091334809
3175,22.73454091334809
3176,22.73454091334809
3177,22.73454091334809
3178,22.73454091334809
3179,22.73454091334809
3180,22.73454091334809
3181,22.73454091334809
3182,22.73454091334809
3183,22.73454091334809
3184,22.73454091334809
3185,22.73454091334809
3186,22.73454091334809
3187,22.73454091334809
3188,22.73454091334809
3189,22.73454091334809
3190,22.73454091334809
3191,22.73454091334809
3192,22.73454091334809
3193,22.73454091334809
3194,22.73454091334809
3195,22.73454091334809
3196,22.73454091334809
3197,22.73454091334809
3198,22.73454091334809
3199,22.73454091334809
3200,22.73454091334809
3201,22.73454091334809
3202,22.73454091334809
3203,22.73454091334809
3204,22.73454091334809
3205,22.73454091334809
3206,22.73454091334809
3207,22.73454091334809
3208,22.73454091334809
3209,22.73454091334809
3210,22.73454091334809
3211,22.73454091334809
3212,22.73454091334809
3213,22.73454091334809
3214,22.73454091334809
3215,22.73454091334809
3216,22.73454091334809
3217,22.73454091334809
3218,22.73454091334809
3219,22.73454091334809
3220,22.73454091334809
3221,22.73454091334809
3222,22.73454091334809
3223,22.73454091334809
3224,22.73454091334809
3225,22.73454091334809
3226,22.73454091334809
3227,22.73454091334809
3228,22.73454091334809
3229,22.73454091334809
3230,22.73454091334809
3231,22.73454091334809
3232,22.73454091334809
3233,22.73454091334809
3234,22.73454091334809
3235,22.73454091334809
3236,22.73454091334809
3237,22.73454091334809
3238,22.73454091334809
3239,22.73454091334809
3240,22.73454091334809
3241,22.73454091334809
3242,22.73454091334809
3243,22.73454091334809
3244,22.73454091334809
3245,22.73454091334809
3246,22.73454091334809
3247,22.73454091334809
3248,22.73454091334809
3249,22.73454091334809
3250,22.73454091334809
3251,22.73454091334809
3252,22.73454091334809
3253,22.73454091334809
3254,22.73454091334809
3255,22.73454091334809
3256,22.73454091334809
3257,22.73454091334809
3258,22.73454091334809
3259,22.73454091334809
3260,22.73454091334809
3261,22.73454091334809
3262,22.73454091334809
3263,22.73454091334809
3264,22.73454091334809
3265,22.73454091334809
3266,22.73454091334809
3267,22.73454091334809
3268,22.73454091334809
3269,22.73454091334809
3270,22.73454091334809
3271,22.73454091334809
3272,22.73454091334809
3273,22.73454091334809
3274,22.73454091334809
3275,22.73454091334809
3276,22.73454091334809
3277,22.73454091334809
3278,22.73454091334809
3279,22.73454091334809
3280,22.73454091334809
3281,22.73454091334809
3282,22.73454091334809
3283,22.73454091334809
3284,22.73454091334809
3285,22.73454091334809
3286,22.73454091334809
3287,22.73454091334809
3288,22.73454091334809
3289,22.73454091334809
3290,22.73454091334809
3291,22.73454091334809
3292,22.73454091334809
3293,22.73454091334809
3294,22.73454091334809
3295,22.73454091334809
3296,22.73454091334809
3297,22.73454091334809
3298,22.73454091334809
3299,22.73454091334809
3300,22.73454091334809
3301,22.73454091334809
3302,22.73454091334809
3303,22.73454091334809
3304,22.73454091334809
3305,22.73454091334809
3306,22.73454091334809
3307,22.73454091334809
3308,22.73454091334809
3309,22.73454091334809
3310,22.73454091334809
3311,22.73454091334809
3312,22.73454091334809
3313,22.73454091334809
3314,22.73454091334809
3315,22.73454091334809
3316,22.73454091334809
3317,22.73454091334809
3318,22.73454091334809
3319,22.73454091334809
3320,22.73454091334809
3321,22.73454091334809
3322,22.73454091334809
3323,22.73454091334809
3324,22.73454091334809
3325,22.73454091334809
3326,22.73454091334809
3327,22.73454091334809
3328,22.73454091334809
3329,22.73454091334809
3330,22.73454091334809
3331,22.73454091334809
3332,22.73454091334809
3333,22.73454091334809
3334,22.73454091334809
3335,22.73454091334809
3336,22.73454091334809
3337,22.73454091334809
3338,22.73454091334809
3339,22.73454091334809
3340,22.73454091334809
3341,22.73454091334809
3342,22.73454091334809
3343,22.73454091334809
3344,22.73454091334809
3345,22.73454091334809
3346,22.73454091334809
3347,22.73454091334809
3348,22.73454091334809
3349,22.73454091334809
3350,22.73454091334809
3351,22.73454091334809
3352,22.73454091334809
3353,22.73454091334809
3354,22.73454091334809
3355,22.73454091334809
3356,22.73454091334809
3357,22.73454091334809
3358,22.73454091334809
3359,22.73454091334809
3360,22.73454091334809
3361,22.73454091334809
3362,22.73454091334809
3363,22.73454091334809
3364,22.73454091334809
3365,22.73454091334809
3366,22.73454091334809
3367,22.73454091334809
3368,22.73454091334809
3369,22.73454091334809
3370,22.73454091334809
3371,22.73454091334809
3372,22.73454091334809
3373,22.73454091334809
3374,22.73454091334809
3375,22.73454091334809
3376,22.73454091334809
3377,22.73454091334809
3378,22.73454091334809
3379,22.73454091334809
3380,22.73454091334809
3381,22.73454091334809
3382,22.73454091334809
3383,22.73454091334809
3384,22.73454091334809
3385,22.73454091334809
3386,22.73454091334809
3387,22.73454091334809
3388,22.73454091334809
3389,22.73454091334809
3390,22.73454091334809
3391,22.73454091334809
3392,22.73454091334809
3393,22.73454091334809
3394,22.73454091334809
3395,22.73454091334809
3396,22.73454091334809
3397,22.73454091334809
3398,22.73454091334809
3399,22.73454091334809
3400,22.73454091334809
3401,22.73454091334809
3402,22.73454091334809
3403,22.73454091334809
3404,22.73454091334809
3405,22.73454091334809
3406,22.73454091334809
3407,22.73454091334809
3408,22.73454091334809
3409,22.73454091334809
3410,22.73454091334809
3411,22.73454091334809
3412,22.73454091334809
3413,22.73454091334809
3414,22.73454091334809
3415,22.73454091334809
3416,22.73454091334809
3417,22.73454091334809
3418,22.73454091334809
3419,22.73454091334809
3420,22.73454091334809
3421,22.73454091334809
3422,22.73454091334809
3423,22.73454091334809
3424,22.73454091334809
3425,22.73454091334809
3426,22.73454091334809
3427,22.73454091334809
3428,22.73454091334809
3429,22.73454091334809
3430,22.73454091334809
3431,22.73454091334809
3432,22.73454091334809
3433,22.73454091334809
3434,22.73454091334809
3435,22.73454091334809
3436,22.73454091334809
3437,22.73454091334809
3438,22.73454091334809
3439,22.73454091334809
3440,22.73454091334809
3441,22.73454091334809
3442,22.73454091334809
3443,22.73454091334809
3444,22.73454091334809
3445,22.73454091334809
3446,22.73454091334809
3447,22.73454091334809
3448,22.73454091334809
3449,22.73454091334809
3450,22.73454091334809
3451,22.73454091334809
3452,22.73454091334809
3453,22.73454091334809
3454,22.73454091334809
3455,22.73454091334809
3456,22.73454091334809
3457,22.73454091334809
3458,22.73454091334809
3459,22.73454091334809
3460,22.73454091334809
3461,22.73454091334809
3462,22.73454091334809
3463,22.73454091334809
3464,22.73454091334809
3465,22.73454091334809
3466,22.73454091334809
3467,22.73454091334809
3468,22.73454091334809
3469,22.73454091334809
3470,22.73454091334809
3471,22.73454091334809
3472,22.73454091334809
3473,22.73454091334809
3474,22.73454091334809
3475,22.73454091334809
3476,22.73454091334809
3477,22.73454091334809
3478,22.73454091334809
3479,22.73454091334809
3480,22.73454091334809
3481,22.73454091334809
3482,22.73454091334809
3483,22.73454091334809
3484,22.73454091334809
3485,22.73454091334809
3486,22.73454091334809
3487,22.73454091334809
3488,22.73454091334809
3489,22.73454091334809
3490,22.73454091334809
3491,22.73454091334809
3492,22.73454091334809
3493,22.73454091334809
3494,22.73454091334809
3495,22.73454091334809
3496,22.73454091334809
3497,22.73454091334809
3498,22.73454091334809
3499,22.73454091334809
3500,22.73454091334809
3501,22.73454091334809
3502,22.73454091334809
3503,22.73454091334809
3504,22.73454091334809
3505,22.73454091334809
3506,22.73454091334809
3507,22.73454091334809
3508,22.73454091334809
3509,22.73454091334809
3510,22.73454091334809
3511,22.73454091334809
3512,22.73454091334809
3513,22.73454091334809
3514,22.73454091334809
3515,22.73454091334809
3516,22.73454091334809
3517,22.73454091334809
3518,22.73454091334809
3519,22.73454091334809
3520,22.73454091334809
3521,22.73454091334809
3522,22.73454091334809
3523,22.73454091334809
3524,22.73454091334809
3525,22.73454091334809
3526,22.73454091334809
3527,22.73454091334809
3528,22.73454091334809
3529,22.73454091334809
3530,22.73454091334809
3531,22.73454091334809
3532,22.73454091334809
3533,22.73454091334809
3534,22.73454091334809
3535,22.73454091334809
3536,22.73454091334809
3537,22.73454091334809
3538,22.73454091334809
3539,22.73454091334809
3540,22.73454091334809
3541,22.73454091334809
3542,22.73454091334809
3543,22.73454091334809
3544,22.73454091334809
3545,22.73454091334809
3546,22.73454091334809
3547,22.73454091334809
3548,22.73454091334809
3549,22.73454091334809
3550,22.73454091334809
3551,22.73454091334809
3552,22.73454091334809
3553,22.73454091334809
3554,22.73454091334809
3555,22.73454091334809
3556,22.73454091334809
3557,22.73454091334809
3558,22.73454091334809
3559,22.73454091334809
3560,22.73454091334809
3561,22.73454091334809
3562,22.73454091334809
3563,22.73454091334809
3564,22.73454091334809
3565,22.73454091334809
3566,22.73454091334809
3567,22.73454091334809
3568,22.73454091334809
3569,22.73454091334809
3570,22.73454091334809
3571,22.73454091334809
3572,22.73454091334809
3573,22.73454091334809
3574,22.73454091334809
3575,22.73454091334809
3576,22.73454091334809
3577,22.73454091334809
3578,22.73454091334809
3579,22.73454091334809
3580,22.73454091334809
3581,22.73454091334809
3582,22.73454091334809
3583,22.73454091334809
3584,22.73454091334809
3585,22.73454091334809
3586,22.73454091334809
3587,22.73454091334809
3588,22.73454091334809
3589,22.73454091334809
3590,22.73454091334809
3591,22.73454091334809
3592,22.73454091334809
3593,22.73454091334809
3594,22.73454091334809
3595,22.73454091334809
3596,22.73454091334809
3597,22.73454091334809
3598,22.73454091334809
3599,22.73454091334809
3600,22.73454091334809
3601,22.73454091334809
3602,22.73454091334809
3603,22.73454091334809
3604,22.73454091334809
3605,22.73454091334809
3606,22.73454091334809
3607,22.73454091334809
3608,22.73454091334809
3609,22.73454091334809
3610,22.73454091334809
3611,22.73454091334809
3612,22.73454091334809
3613,22.73454091334809
3614,22.73454091334809
3615,22.73454091334809
3616,22.73454091334809
3617,22.73454091334809
3618,22.73454091334809
3619,22.73454091334809
3620,22.73454091334809
3621,22.73454091334809
3622,22.73454091334809
3623,22.73454091334809
3624,22.73454091334809
3625,22.73454091334809
3626,22.73454091334809
3627,22.73454091334809
3628,22.73454091334809
3629,22.73454091334809
3630,22.73454091334809
3631,22.73454091334809
3632,22.73454091334809
3633,22.73454091334809
3634,22.73454091334809
3635,22.73454091334809
3636,22.73454091334809
3637,22.73454091334809
3638,22.73454091334809
3639,22.73454091334809
3640,22.73454091334809
3641,22.73454091334809
3642,22.73454091334809
3643,22.73454091334809
3644,22.73454091334809
3645,22.73454091334809
3646,22.73454091334809
3647,22.73454091334809
3648,22.73454091334809
3649,22.73454091334809
3650,22.73454091334809
3651,22.73454091334809
3652,22.73454091334809
3653,22.73454091334809
3654,22.73454091334809
3655,22.73454091334809
3656,22.73454091334809
3657,22.73454091334809
3658,22.73454091334809
3659,22.73454091334809
3660,22.73454091334809
3661,22.73454091334809
3662,22.73454091334809
3663,22.73454091334809
3664,22.73454091334809
3665,22.73454091334809
3666,22.73454091334809
3667,22.73454091334809
3668,22.73454091334809
3669,22.73454091334809
3670,22.73454091334809
3671,22.73454091334809
3672,22.73454091334809
3673,22.73454091334809
3674,22.73454091334809
3675,22.73454091334809
3676,22.73454091334809
3677,22.73454091334809
3678,22.73454091334809
3679,22.73454091334809
3680,22.73454091334809
3681,22.73454091334809
3682,22.73454091334809
3683,22.73454091334809
3684,22.73454091334809
3685,22.73454091334809
3686,22.73454091334809
3687,22.73454091334809
3688,22.73454091334809
3689,22.73454091334809
3690,22.73454091334809
3691,22.73454091334809
3692,22.73454091334809
3693,22.73454091334809
3694,22.73454091334809
3695,22.73454091334809
3696,22.73454091334809
3697,22.73454091334809
3698,22.73454091334809
3699,22.73454091334809
3700,22.73454091334809
3701,22.73454091334809
3702,22.73454091334809
3703,22.73454091334809
3704,22.73454091334809
3705,22.73454091334809
3706,22.73454091334809
3707,22.73454091334809
3708,22.73454091334809
3709,22.73454091334809
3710,22.73454091334809
3711,22.73454091334809
3712,22.73454091334809
3713,22.73454091334809
3714,22.73454091334809
3715,22.73454091334809
3716,22.73454091334809
3717,22.73454091334809
3718,22.73454091334809
3719,22.73454091334809
3720,22.73454091334809
3721,22.73454091334809
3722,22.73454091334809
3723,22.73454091334809
3724,22.73454091334809
3725,22.73454091334809
3726,22.73454091334809
3727,22.73454091334809
3728,22.73454091334809
3729,22.73454091334809
3730,22.73454091334809
3731,22.73454091334809
3732,22.73454091334809
3733,22.73454091334809
3734,22.73454091334809
3735,22.73454091334809
3736,22.73454091334809
3737,22.73454091334809
3738,22.73454091334809
3739,22.73454091334809
3740,22.73454091334809
3741,22.73454091334809
3742,22.73454091334809
3743,22.73454091334809
3744,22.73454091334809
3745,22.73454091334809
3746,22.73454091334809
3747,22.73454091334809
3748,22.73454091334809
3749,22.73454091334809
3750,22.73454091334809
3751,22.73454091334809
3752,22.73454091334809
3753,22.73454091334809
3754,22.73454091334809
3755,22.73454091334809
3756,22.73454091334809
3757,22.73454091334809
3758,22.73454091334809
3759,22.73454091334809
3760,22.73454091334809
3761,22.73454091334809
3762,22.73454091334809
3763,22.73454091334809
3764,22.73454091334809
3765,22.73454091334809
3766,22.73454091334809
3767,22.73454091334809
3768,22.73454091334809
3769,22.73454091334809
3770,22.73454091334809
3771,22.73454091334809
3772,22.73454091334809
3773,22.73454091334809
3774,22.73454091334809
3775,22.73454091334809
3776,22.73454091334809
3777,22.73454091334809
3778,22.73454091334809
3779,22.73454091334809
3780,22.73454091334809
3781,22.73454091334809
3782,22.73454091334809
3783,22.73454091334809
3784,22.73454091334809
3785,22.73454091334809
3786,22.73454091334809
3787,22.73454091334809
3788,22.73454091334809
3789,22.73454091334809
3790,22.73454091334809
3791,22.73454091334809
3792,22.73454091334809
3793,22.73454091334809
3794,22.73454091334809
3795,22.73454091334809
3796,22.73454091334809
3797,22.73454091334809
3798,22.73454091334809
3799,22.73454091334809
3800,22.73454091334809
3801,22.73454091334809
3802,22.73454091334809
3803,22.73454091334809
3804,22.73454091334809
3805,22.73454091334809
3806,22.73454091334809
3807,22.73454091334809
3808,22.73454091334809
3809,22.73454091334809
3810,22.73454091334809
3811,22.73454091334809
3812,22.73454091334809
3813,22.73454091334809
3814,22.73454091334809
3815,22.73454091334809
3816,22.73454091334809
3817,22.73454091334809
3818,22.73454091334809
3819,22.73454091334809
3820,22.73454091334809
3821,22.73454091334809
3822,22.73454091334809
3823,22.73454091334809
3824,22.73454091334809
3825,22.73454091334809
3826,22.73454091334809
3827,22.73454091334809
3828,22.73454091334809
3829,22.73454091334809
3830,22.73454091334809
3831,22.73454091334809
3832,22.73454091334809
3833,22.73454091334809
3834,22.73454091334809
3835,22.73454091334809
3836,22.73454091334809
3837,22.73454091334809
3838,22.73454091334809
3839,22.73454091334809
3840,22.73454091334809
3841,22.73454091334809
3842,22.73454091334809
3843,22.73454091334809
3844,22.73454091334809
3845,22.73454091334809
3846,22.73454091334809
3847,22.73454091334809
3848,22.73454091334809
3849,22.73454091334809
3850,22.73454091334809
3851,22.73454091334809
3852,22.73454091334809
3853,22.73454091334809
3854,22.73454091334809
3855,22.73454091334809
3856,22.73454091334809
3857,22.73454091334809
3858,22.73454091334809
3859,22.73454091334809
3860,22.73454091334809
3861,22.73454091334809
3862,22.73454091334809
3863,22.73454091334809
3864,22.73454091334809
3865,22.73454091334809
3866,22.73454091334809
3867,22.73454091334809
3868,22.73454091334809
3869,22.73454091334809
3870,22.73454091334809
3871,22.73454091334809
3872,22.73454091334809
3873,22.73454091334809
3874,22.73454091334809
3875,22.73454091334809
3876,22.73454091334809
3877,22.73454091334809
3878,22.73454091334809
3879,22.73454091334809
3880,22.73454091334809
3881,22.73454091334809
3882,22.73454091334809
3883,22.73454091334809
3884,22.73454091334809
3885,22.73454091334809
3886,22.73454091334809
3887,22.73454091334809
3888,22.73454091334809
3889,22.73454091334809
3890,22.73454091334809
3891,22.73454091334809
3892,22.73454091334809
3893,22.73454091334809
3894,22.73454091334809
3895,22.73454091334809
3896,22.73454091334809
3897,22.73454091334809
3898,22.73454091334809
3899,22.73454091334809
3900,22.73454091334809
3901,22.73454091334809
3902,22.73454091334809
3903,22.73454091334809
3904,22.73454091334809
3905,22.73454091334809
3906,22.73454091334809
3907,22.73454091334809
3908,22.73454091334809
3909,22.73454091334809
3910,22.73454091334809
3911,22.73454091334809
3912,22.73454091334809
3913,22.73454091334809
3914,22.73454091334809
3915,22.73454091334809
3916,22.73454091334809
3917,22.73454091334809
3918,22.73454091334809
3919,22.73454091334809
3920,22.73454091334809
3921,22.73454091334809
3922,22.73454091334809
3923,22.73454091334809
3924,22.73454091334809
3925,22.73454091334809
3926,22.73454091334809
3927,22.73454091334809
3928,22.73454091334809
3929,22.73454091334809
3930,22.73454091334809
3931,22.73454091334809
3932,22.73454091334809
3933,22.73454091334809
3934,22.73454091334809
3935,22.73454091334809
3936,22.73454091334809
3937,22.73454091334809
